Invoice,StockCode,Description,Quantity,InvoiceDate,Price,Customer ID,Country
489554,22633,HAND WARMER UNION JACK,8,2023-01-01 15:25:00,11.24,15571,Germany
489857,20727,LUNCH BAG BLACK SKULL,50,2023-01-02 09:02:00,48.35,15576,United Kingdom
489684,48187,DOORMAT NEW ENGLAND,1,2023-01-03 09:37:00,1.32,17023,Germany
489663,47566,PARTY BUNTING,4,2023-01-04 08:09:00,28.48,16984,United Kingdom
489799,21730,GLASS STAR FROSTED T-LIGHT HOLDER,8,2023-01-04 08:30:00,2.9,18166,United Kingdom
489764,22748,POPPY'S PLAYHOUSE KITCHEN,6,2023-01-04 13:43:00,42.9,15048,Germany
489886,84029G,KNITTED UNION FLAG HOT WATER BOTTLE,6,2023-01-04 19:44:00,43.49,17809,United Kingdom
489819,22623,BOX OF VINTAGE JIGSAW BLOCKS,1,2023-01-05 08:34:00,27.1,16202,United Kingdom
489773,22622,BOX OF VINTAGE ALPHABET BLOCKS,12,2023-01-05 17:04:00,0.72,16096,United Kingdom
489736,22086,PAPER CHAIN KIT 50'S CHRISTMAS,12,2023-01-06 19:21:00,14.81,14550,United Kingdom
489828,21755,LOVE BUILDING BLOCK WORD,7,2023-01-07 18:34:00,39.66,15038,EIRE
489875,71053,WHITE METAL LANTERN,12,2023-01-08 14:03:00,8.06,16279,Germany
489495,84969,BOX OF 6 ASSORTED COLOUR TEASPOONS,8,2023-01-08 15:34:00,29.26,18010,United Kingdom
489468,21755,LOVE BUILDING BLOCK WORD,4,2023-01-09 11:30:00,23.2,17938,Germany
489817,85099B,JUMBO BAG RED RETROSPOT,12,2023-01-09 13:48:00,30.25,16821,United Kingdom
489757,22086,PAPER CHAIN KIT 50'S CHRISTMAS,6,2023-01-10 12:27:00,9.5,16671,Spain
489603,22914,BLUE COAT RACK PARIS FASHION,4,2023-01-10 17:30:00,39.18,15356,United Kingdom
489751,22632,HAND WARMER RED POLKA DOT,12,2023-01-12 12:59:00,5.81,16053,United Kingdom
489548,84029E,RED WOOLLY HOTTIE WHITE HEART,6,2023-01-13 18:50:00,32.2,17480,United Kingdom
489883,85099B,JUMBO BAG RED RETROSPOT,11,2023-01-14 09:14:00,40.73,16959,United Kingdom
489819,22197,POPCORN HOLDER,12,2023-01-14 15:25:00,26.75,14822,United Kingdom
489490,84029G,KNITTED UNION FLAG HOT WATER BOTTLE,5,2023-01-14 16:09:00,1.98,16826,Germany
489748,22622,BOX OF VINTAGE ALPHABET BLOCKS,9,2023-01-15 09:50:00,24.72,16442,United Kingdom
489558,84406B,CREAM CUPID HEARTS COAT HANGER,10,2023-01-16 08:50:00,3.22,14439,United Kingdom
489489,22633,HAND WARMER UNION JACK,2,2023-01-16 19:05:00,2.85,14039,United Kingdom
489635,22382,LUNCH BAG SPACEBOY DESIGN,6,2023-01-16 19:38:00,16.56,17753,United Kingdom
489883,85099C,JUMBO BAG BAROQUE BLACK WHITE,11,2023-01-17 11:06:00,39.25,14994,United Kingdom
489855,22197,POPCORN HOLDER,11,2023-01-18 11:35:00,24.59,14585,EIRE
489564,22913,RED COAT RACK PARIS FASHION,4,2023-01-18 12:58:00,48.49,14749,United Kingdom
489526,22748,POPPY'S PLAYHOUSE KITCHEN,1,2023-01-18 19:31:00,15.54,16171,United Kingdom
489485,21212,PACK OF 72 RETROSPOT CAKE CASES,9,2023-01-19 11:51:00,29.74,15035,United Kingdom
489872,84406B,CREAM CUPID HEARTS COAT HANGER,3,2023-01-21 17:27:00,40.15,14291,United Kingdom
489616,84406B,CREAM CUPID HEARTS COAT HANGER,3,2023-01-22 18:57:00,12.86,14970,United Kingdom
489440,22912,YELLOW COAT RACK PARIS FASHION,8,2023-01-23 12:26:00,28.18,18213,United Kingdom
489666,84029E,RED WOOLLY HOTTIE WHITE HEART,2,2023-01-23 15:08:00,9.94,15805,United Kingdom
489813,22310,IVORY KNITTED MUG COSY,85,2023-01-23 15:35:00,7.69,14292,United Kingdom
489454,22622,BOX OF VINTAGE ALPHABET BLOCKS,4,2023-01-24 09:04:00,46.87,17563,United Kingdom
489515,85123A,WHITE HANGING HEART T-LIGHT HOLDER,2,2023-01-26 12:39:00,22.1,17201,United Kingdom
489729,20727,LUNCH BAG BLACK SKULL,63,2023-01-27 08:40:00,0.81,15933,United Kingdom
489528,85099B,JUMBO BAG RED RETROSPOT,5,2023-01-27 10:32:00,21.74,15583,Netherlands
489473,22632,HAND WARMER RED POLKA DOT,12,2023-01-27 11:25:00,29.62,16046,United Kingdom
489711,23084,RABBIT NIGHT LIGHT,12,2023-01-28 12:52:00,31.19,14572,United Kingdom
489847,22914,BLUE COAT RACK PARIS FASHION,11,2023-01-28 13:15:00,7.81,14720,United Kingdom
489841,84879,ASSORTED COLOUR BIRD ORNAMENT,5,2023-01-28 16:42:00,26.59,16863,Germany
489570,22632,HAND WARMER RED POLKA DOT,9,2023-01-29 14:29:00,45.05,16373,United Kingdom
489656,20727,LUNCH BAG BLACK SKULL,5,2023-01-30 09:52:00,49.24,17165,United Kingdom
489532,22622,BOX OF VINTAGE ALPHABET BLOCKS,57,2023-01-30 10:33:00,46.84,14210,United Kingdom
489791,22632,HAND WARMER RED POLKA DOT,12,2023-01-31 12:23:00,25.89,15184,United Kingdom
489796,21755,LOVE BUILDING BLOCK WORD,7,2023-01-31 15:26:00,27.94,14530,EIRE
489654,47566,PARTY BUNTING,2,2023-02-03 08:51:00,9.71,14244,EIRE
489677,22914,BLUE COAT RACK PARIS FASHION,8,2023-02-04 08:52:00,13.57,15562,France
489668,22745,POPPY'S PLAYHOUSE BEDROOM,5,2023-02-04 19:03:00,49.97,14882,United Kingdom
489754,22086,PAPER CHAIN KIT 50'S CHRISTMAS,12,2023-02-05 10:01:00,7.5,15773,United Kingdom
489534,22914,BLUE COAT RACK PARIS FASHION,8,2023-02-07 15:58:00,11.78,14074,EIRE
489487,21777,RECIPE BOX WITH METAL HEART,1,2023-02-07 18:06:00,26.05,16725,United Kingdom
489828,22411,JUMBO SHOPPER VINTAGE RED PAISLEY,1,2023-02-12 13:35:00,27.63,16362,Germany
489788,20725,LUNCH BAG RED RETROSPOT,11,2023-02-13 13:30:00,29.32,14893,France
489465,23204,JUMBO BAG BABUSHKA,5,2023-02-14 09:26:00,32.16,16049,United Kingdom
489885,21034,REX CASH+CARRY JUMBO SHOPPER,12,2023-02-15 15:45:00,43.38,18252,United Kingdom
489790,84029G,KNITTED UNION FLAG HOT WATER BOTTLE,3,2023-02-16 11:51:00,36.45,16172,United Kingdom
489718,22632,HAND WARMER RED POLKA DOT,1,2023-02-16 19:28:00,11.4,18271,Switzerland
489477,22912,YELLOW COAT RACK PARIS FASHION,5,2023-02-18 16:54:00,9.06,14062,France
489739,22411,JUMBO SHOPPER VINTAGE RED PAISLEY,40,2023-02-19 18:28:00,5.54,14116,United Kingdom
489828,22382,LUNCH BAG SPACEBOY DESIGN,9,2023-02-20 11:34:00,47.55,16099,United Kingdom
489829,21755,LOVE BUILDING BLOCK WORD,12,2023-02-20 15:26:00,41.86,15189,United Kingdom
489653,85123A,WHITE HANGING HEART T-LIGHT HOLDER,38,2023-02-21 08:16:00,9.06,17546,United Kingdom
489647,22752,SET 7 BABUSHKA NESTING BOXES,3,2023-02-21 13:54:00,44.2,15756,United Kingdom
489756,22382,LUNCH BAG SPACEBOY DESIGN,12,2023-02-22 14:25:00,33.76,17913,United Kingdom
489476,23084,RABBIT NIGHT LIGHT,1,2023-02-22 18:50:00,24.96,17524,United Kingdom
489693,21777,RECIPE BOX WITH METAL HEART,8,2023-02-23 10:15:00,3.56,17449,United Kingdom
489808,22310,IVORY KNITTED MUG COSY,4,2023-02-23 15:45:00,5.08,17112,United Kingdom
489758,84029E,RED WOOLLY HOTTIE WHITE HEART,12,2023-02-23 16:43:00,43.27,16002,United Kingdom
489848,21755,LOVE BUILDING BLOCK WORD,2,2023-02-24 13:40:00,32.23,15344,United Kingdom
489674,71053,WHITE METAL LANTERN,87,2023-02-24 16:06:00,37.15,14328,United Kingdom
489756,47566,PARTY BUNTING,8,2023-02-24 16:40:00,4.41,16841,France
489483,21212,PACK OF 72 RETROSPOT CAKE CASES,8,2023-03-03 10:33:00,20.87,16317,Spain
489836,22197,POPCORN HOLDER,10,2023-03-04 09:14:00,44.66,16291,France
489670,84406B,CREAM CUPID HEARTS COAT HANGER,2,2023-03-04 17:18:00,37.0,15401,United Kingdom
489648,85123A,WHITE HANGING HEART T-LIGHT HOLDER,11,2023-03-05 15:46:00,17.21,15146,United Kingdom
489810,22411,JUMBO SHOPPER VINTAGE RED PAISLEY,6,2023-03-05 17:38:00,20.64,17651,United Kingdom
489863,22622,BOX OF VINTAGE ALPHABET BLOCKS,10,2023-03-06 16:01:00,33.2,17085,United Kingdom
489798,23298,SPOTTY BUNTING,2,2023-03-06 19:28:00,14.2,16790,United Kingdom
489452,22748,POPPY'S PLAYHOUSE KITCHEN,6,2023-03-08 16:50:00,49.62,17819,EIRE
489492,22914,BLUE COAT RACK PARIS FASHION,8,2023-03-08 18:24:00,6.78,16299,United Kingdom
489736,21777,RECIPE BOX WITH METAL HEART,6,2023-03-09 10:52:00,40.44,14180,United Kingdom
489547,85099B,JUMBO BAG RED RETROSPOT,31,2023-03-10 15:24:00,23.96,16639,United Kingdom
489529,22633,HAND WARMER UNION JACK,29,2023-03-10 16:52:00,14.66,14546,France
489543,84879,ASSORTED COLOUR BIRD ORNAMENT,12,2023-03-13 12:28:00,36.63,14561,United Kingdom
489588,22912,YELLOW COAT RACK PARIS FASHION,10,2023-03-13 18:06:00,3.06,16852,United Kingdom
489500,22720,SET OF 3 CAKE TINS PANTRY DESIGN,9,2023-03-15 12:15:00,6.47,14762,United Kingdom
489674,22960,JAM MAKING SET WITH JARS,9,2023-03-15 17:39:00,12.96,18277,United Kingdom
489464,71053,WHITE METAL LANTERN,11,2023-03-16 09:50:00,18.99,14457,Spain
489842,84969,BOX OF 6 ASSORTED COLOUR TEASPOONS,2,2023-03-16 15:39:00,6.15,16227,EIRE
489524,22752,SET 7 BABUSHKA NESTING BOXES,12,2023-03-17 17:51:00,16.39,14133,United Kingdom
489630,21754,HOME BUILDING BLOCK WORD,7,2023-03-18 12:24:00,26.5,17580,United Kingdom
489665,48187,DOORMAT NEW ENGLAND,12,2023-03-18 15:39:00,26.9,16034,United Kingdom
489591,22633,HAND WARMER UNION JACK,12,2023-03-19 08:50:00,2.72,16539,Germany
489732,84029E,RED WOOLLY HOTTIE WHITE HEART,11,2023-03-19 09:36:00,10.65,14123,Germany
489693,85099C,JUMBO BAG BAROQUE BLACK WHITE,3,2023-03-19 17:57:00,32.32,16216,United Kingdom
489554,20727,LUNCH BAG BLACK SKULL,1,2023-03-19 19:58:00,28.71,14717,United Kingdom
489522,23298,SPOTTY BUNTING,10,2023-03-20 08:06:00,46.52,15971,United Kingdom
489533,21730,GLASS STAR FROSTED T-LIGHT HOLDER,10,2023-03-20 15:29:00,46.87,16277,United Kingdom
489761,21754,HOME BUILDING BLOCK WORD,2,2023-03-20 19:34:00,43.57,15932,United Kingdom
489619,22720,SET OF 3 CAKE TINS PANTRY DESIGN,3,2023-03-21 08:34:00,36.34,17782,Germany
489684,22622,BOX OF VINTAGE ALPHABET BLOCKS,9,2023-03-21 19:09:00,25.55,15622,United Kingdom
489557,21212,PACK OF 72 RETROSPOT CAKE CASES,7,2023-03-23 10:15:00,1.55,16812,United Kingdom
489512,22745,POPPY'S PLAYHOUSE BEDROOM,6,2023-03-23 16:49:00,44.3,16468,United Kingdom
489499,22382,LUNCH BAG SPACEBOY DESIGN,4,2023-03-23 17:01:00,18.88,17311,United Kingdom
489823,22745,POPPY'S PLAYHOUSE BEDROOM,8,2023-03-24 13:37:00,8.97,15461,United Kingdom
489753,22960,JAM MAKING SET WITH JARS,8,2023-03-25 10:18:00,43.93,16770,United Kingdom
489485,22411,JUMBO SHOPPER VINTAGE RED PAISLEY,4,2023-03-25 11:32:00,29.72,17801,United Kingdom
489782,22745,POPPY'S PLAYHOUSE BEDROOM,11,2023-03-26 15:17:00,38.87,15708,United Kingdom
489742,22752,SET 7 BABUSHKA NESTING BOXES,11,2023-03-28 12:30:00,21.88,14359,United Kingdom
489574,22960,JAM MAKING SET WITH JARS,5,2023-03-28 12:56:00,13.3,15120,United Kingdom
489602,85099B,JUMBO BAG RED RETROSPOT,11,2023-03-29 11:05:00,23.4,17010,France
489544,84029G,KNITTED UNION FLAG HOT WATER BOTTLE,8,2023-03-30 17:09:00,38.12,18024,Germany
489572,22382,LUNCH BAG SPACEBOY DESIGN,11,2023-03-30 17:42:00,44.83,17457,United Kingdom
489743,47566,PARTY BUNTING,9,2023-03-31 17:15:00,29.31,16225,United Kingdom
489565,23204,JUMBO BAG BABUSHKA,33,2023-04-01 11:05:00,31.12,16971,Portugal
489653,22745,POPPY'S PLAYHOUSE BEDROOM,23,2023-04-01 13:14:00,34.6,17863,United Kingdom
489672,22633,HAND WARMER UNION JACK,5,2023-04-02 11:41:00,29.46,15416,United Kingdom
489632,85123A,WHITE HANGING HEART T-LIGHT HOLDER,9,2023-04-03 10:08:00,47.1,17789,United Kingdom
489580,21777,RECIPE BOX WITH METAL HEART,1,2023-04-03 16:45:00,5.09,14127,Germany
489525,22411,JUMBO SHOPPER VINTAGE RED PAISLEY,6,2023-04-04 09:52:00,18.81,17407,France
489784,23203,JUMBO BAG VINTAGE DOILY,8,2023-04-04 18:49:00,17.34,14467,United Kingdom
489716,84406B,CREAM CUPID HEARTS COAT HANGER,5,2023-04-05 16:59:00,16.12,15174,United Kingdom
489537,23203,JUMBO BAG VINTAGE DOILY,5,2023-04-06 08:26:00,16.04,17005,United Kingdom
489496,22633,HAND WARMER UNION JACK,10,2023-04-06 11:09:00,19.17,15319,United Kingdom
489668,22623,BOX OF VINTAGE JIGSAW BLOCKS,10,2023-04-07 08:08:00,25.1,18041,United Kingdom
489851,22720,SET OF 3 CAKE TINS PANTRY DESIGN,9,2023-04-08 15:52:00,48.96,14550,France
489833,22632,HAND WARMER RED POLKA DOT,2,2023-04-08 17:44:00,45.64,17181,United Kingdom
489864,21034,REX CASH+CARRY JUMBO SHOPPER,3,2023-04-10 18:11:00,30.74,16298,United Kingdom
489711,23084,RABBIT NIGHT LIGHT,7,2023-04-14 18:39:00,46.48,16072,United Kingdom
489655,22310,IVORY KNITTED MUG COSY,95,2023-04-15 08:42:00,49.12,14333,United Kingdom
489657,84029G,KNITTED UNION FLAG HOT WATER BOTTLE,2,2023-04-15 14:17:00,36.49,15247,United Kingdom
489461,22752,SET 7 BABUSHKA NESTING BOXES,12,2023-04-16 18:55:00,41.32,16566,United Kingdom
489660,20727,LUNCH BAG BLACK SKULL,9,2023-04-17 18:44:00,39.64,15089,United Kingdom
489490,22310,IVORY KNITTED MUG COSY,9,2023-04-18 15:14:00,16.2,14540,United Kingdom
489865,48187,DOORMAT NEW ENGLAND,4,2023-04-18 18:40:00,28.16,15661,United Kingdom
489633,21754,HOME BUILDING BLOCK WORD,39,2023-04-19 13:59:00,19.51,16067,United Kingdom
489493,23298,SPOTTY BUNTING,6,2023-04-20 12:57:00,20.05,15137,United Kingdom
489590,20725,LUNCH BAG RED RETROSPOT,6,2023-04-20 14:00:00,42.46,14486,Germany
489560,22633,HAND WARMER UNION JACK,9,2023-04-20 18:12:00,45.24,17465,Germany
489602,22623,BOX OF VINTAGE JIGSAW BLOCKS,50,2023-04-21 19:54:00,31.49,14212,France
489839,21212,PACK OF 72 RETROSPOT CAKE CASES,4,2023-04-22 11:35:00,45.36,17800,United Kingdom
489720,22913,RED COAT RACK PARIS FASHION,10,2023-04-22 12:09:00,9.61,15038,United Kingdom
489780,84406B,CREAM CUPID HEARTS COAT HANGER,10,2023-04-24 08:52:00,1.03,15881,United Kingdom
489633,22913,RED COAT RACK PARIS FASHION,4,2023-04-24 17:14:00,33.84,15094,United Kingdom
489762,84969,BOX OF 6 ASSORTED COLOUR TEASPOONS,9,2023-04-25 13:18:00,43.81,18256,United Kingdom
489827,22720,SET OF 3 CAKE TINS PANTRY DESIGN,11,2023-04-25 16:11:00,12.73,16438,United Kingdom
489532,22720,SET OF 3 CAKE TINS PANTRY DESIGN,4,2023-04-25 18:12:00,30.8,15212,United Kingdom
489712,21777,RECIPE BOX WITH METAL HEART,11,2023-04-26 14:01:00,27.58,16034,France
489694,22632,HAND WARMER RED POLKA DOT,7,2023-04-26 18:25:00,16.22,16892,United Kingdom
489823,71053,WHITE METAL LANTERN,3,2023-04-27 15:27:00,20.3,14433,United Kingdom
489692,21034,REX CASH+CARRY JUMBO SHOPPER,5,2023-04-27 18:19:00,34.88,15219,United Kingdom
489499,22913,RED COAT RACK PARIS FASHION,6,2023-04-28 09:51:00,8.68,15607,Germany
489810,23203,JUMBO BAG VINTAGE DOILY,6,2023-04-28 12:21:00,37.26,15200,United Kingdom
489525,22623,BOX OF VINTAGE JIGSAW BLOCKS,9,2023-04-28 13:46:00,28.47,14642,United Kingdom
489572,20727,LUNCH BAG BLACK SKULL,7,2023-04-29 09:31:00,49.64,17539,United Kingdom
489533,21034,REX CASH+CARRY JUMBO SHOPPER,4,2023-04-29 13:48:00,32.83,14980,Germany
489542,22913,RED COAT RACK PARIS FASHION,69,2023-05-01 12:39:00,34.67,15729,Spain
489701,22411,JUMBO SHOPPER VINTAGE RED PAISLEY,11,2023-05-03 16:58:00,28.89,14943,Germany
489538,84969,BOX OF 6 ASSORTED COLOUR TEASPOONS,3,2023-05-04 10:11:00,28.07,17201,Netherlands
489791,22913,RED COAT RACK PARIS FASHION,7,2023-05-04 16:09:00,30.33,17887,United Kingdom
489649,22382,LUNCH BAG SPACEBOY DESIGN,7,2023-05-04 18:10:00,45.99,17645,Belgium
489614,23204,JUMBO BAG BABUSHKA,9,2023-05-05 11:29:00,12.32,16191,Netherlands
489612,84969,BOX OF 6 ASSORTED COLOUR TEASPOONS,9,2023-05-05 18:04:00,40.04,18258,United Kingdom
489758,22197,POPCORN HOLDER,1,2023-05-06 10:58:00,17.35,14947,United Kingdom
489856,23298,SPOTTY BUNTING,1,2023-05-07 08:07:00,42.88,16455,United Kingdom
489454,48187,DOORMAT NEW ENGLAND,7,2023-05-08 10:16:00,7.62,14565,United Kingdom
489869,85099B,JUMBO BAG RED RETROSPOT,12,2023-05-08 17:11:00,31.0,14877,United Kingdom
489522,84029G,KNITTED UNION FLAG HOT WATER BOTTLE,7,2023-05-09 08:08:00,10.75,16793,United Kingdom
489694,22748,POPPY'S PLAYHOUSE KITCHEN,8,2023-05-09 13:03:00,2.0,16880,United Kingdom
489856,84406B,CREAM CUPID HEARTS COAT HANGER,2,2023-05-09 19:43:00,31.0,15606,United Kingdom
489780,20727,LUNCH BAG BLACK SKULL,11,2023-05-11 19:24:00,20.86,17608,EIRE
489830,22960,JAM MAKING SET WITH JARS,4,2023-05-13 14:10:00,35.71,15678,Germany
489569,22622,BOX OF VINTAGE ALPHABET BLOCKS,6,2023-05-13 14:40:00,10.41,15598,United Kingdom
489841,22086,PAPER CHAIN KIT 50'S CHRISTMAS,19,2023-05-14 13:07:00,49.78,17713,United Kingdom
489654,22382,LUNCH BAG SPACEBOY DESIGN,4,2023-05-15 12:00:00,35.73,14708,United Kingdom
489733,21755,LOVE BUILDING BLOCK WORD,2,2023-05-16 08:40:00,6.12,15449,Switzerland
489527,22960,JAM MAKING SET WITH JARS,7,2023-05-18 13:20:00,11.11,14796,Netherlands
489664,48187,DOORMAT NEW ENGLAND,6,2023-05-18 19:45:00,17.27,15477,United Kingdom
489568,22913,RED COAT RACK PARIS FASHION,25,2023-05-19 08:04:00,17.15,15940,France
489481,85099B,JUMBO BAG RED RETROSPOT,4,2023-05-20 11:01:00,9.29,16606,United Kingdom
489714,84029G,KNITTED UNION FLAG HOT WATER BOTTLE,10,2023-05-20 11:36:00,4.12,17564,EIRE
489480,84879,ASSORTED COLOUR BIRD ORNAMENT,11,2023-05-21 11:11:00,2.71,16101,United Kingdom
489661,22752,SET 7 BABUSHKA NESTING BOXES,6,2023-05-23 11:38:00,40.49,15484,United Kingdom
489542,22382,LUNCH BAG SPACEBOY DESIGN,3,2023-05-23 14:24:00,18.89,15866,France
489454,22633,HAND WARMER UNION JACK,1,2023-05-24 11:18:00,30.17,18279,Belgium
489879,21754,HOME BUILDING BLOCK WORD,2,2023-05-25 09:22:00,31.49,16577,Germany
489534,22632,HAND WARMER RED POLKA DOT,5,2023-05-25 12:37:00,37.39,14486,EIRE
489609,23203,JUMBO BAG VINTAGE DOILY,4,2023-05-25 12:51:00,13.92,16392,EIRE
489594,84406B,CREAM CUPID HEARTS COAT HANGER,2,2023-05-25 17:45:00,46.61,17592,EIRE
489671,23204,JUMBO BAG BABUSHKA,9,2023-05-27 18:55:00,40.17,15743,France
489818,22382,LUNCH BAG SPACEBOY DESIGN,6,2023-05-30 08:56:00,5.05,17261,United Kingdom
489851,23204,JUMBO BAG BABUSHKA,25,2023-05-31 10:25:00,6.28,15580,United Kingdom
489754,22752,SET 7 BABUSHKA NESTING BOXES,43,2023-05-31 11:07:00,14.11,17111,United Kingdom
489550,85099B,JUMBO BAG RED RETROSPOT,11,2023-05-31 11:45:00,4.35,14928,United Kingdom
489618,23203,JUMBO BAG VINTAGE DOILY,3,2023-05-31 17:11:00,18.35,17305,United Kingdom
489820,22632,HAND WARMER RED POLKA DOT,12,2023-06-03 09:27:00,34.3,16253,Italy
489659,23084,RABBIT NIGHT LIGHT,6,2023-06-04 09:58:00,0.68,14408,United Kingdom
489771,71053,WHITE METAL LANTERN,44,2023-06-04 14:28:00,24.39,15780,Portugal
489543,21754,HOME BUILDING BLOCK WORD,6,2023-06-04 18:32:00,14.83,17442,United Kingdom
489540,23203,JUMBO BAG VINTAGE DOILY,11,2023-06-05 16:00:00,19.23,16452,Australia
489825,21034,REX CASH+CARRY JUMBO SHOPPER,7,2023-06-07 13:27:00,22.46,16888,United Kingdom
489646,48187,DOORMAT NEW ENGLAND,11,2023-06-07 14:16:00,31.06,14988,United Kingdom
489565,21777,RECIPE BOX WITH METAL HEART,2,2023-06-07 19:51:00,47.16,16815,France
489791,22912,YELLOW COAT RACK PARIS FASHION,11,2023-06-09 09:10:00,38.27,15356,United Kingdom
489785,84879,ASSORTED COLOUR BIRD ORNAMENT,9,2023-06-09 13:02:00,11.23,15661,Netherlands
489562,84879,ASSORTED COLOUR BIRD ORNAMENT,8,2023-06-11 16:02:00,38.94,14440,United Kingdom
489720,21777,RECIPE BOX WITH METAL HEART,11,2023-06-11 19:11:00,4.84,15784,EIRE
489634,84879,ASSORTED COLOUR BIRD ORNAMENT,86,2023-06-12 09:48:00,1.05,18245,United Kingdom
489551,21755,LOVE BUILDING BLOCK WORD,12,2023-06-12 11:26:00,20.75,17569,United Kingdom
489704,47566,PARTY BUNTING,1,2023-06-12 12:13:00,39.61,16838,United Kingdom
489562,21034,REX CASH+CARRY JUMBO SHOPPER,11,2023-06-13 14:27:00,12.66,14696,United Kingdom
489838,85099B,JUMBO BAG RED RETROSPOT,2,2023-06-13 19:07:00,10.32,14421,United Kingdom
489790,20727,LUNCH BAG BLACK SKULL,4,2023-06-13 19:10:00,18.09,18114,United Kingdom
489840,84969,BOX OF 6 ASSORTED COLOUR TEASPOONS,10,2023-06-14 09:44:00,4.75,16114,United Kingdom
489569,22086,PAPER CHAIN KIT 50'S CHRISTMAS,46,2023-06-15 10:42:00,26.77,15292,United Kingdom
489797,22960,JAM MAKING SET WITH JARS,11,2023-06-15 12:50:00,3.24,17058,United Kingdom
489613,22748,POPPY'S PLAYHOUSE KITCHEN,5,2023-06-15 14:07:00,23.86,16024,France
489463,22913,RED COAT RACK PARIS FASHION,1,2023-06-16 10:38:00,9.48,16449,United Kingdom
489746,22310,IVORY KNITTED MUG COSY,3,2023-06-16 12:35:00,9.43,15090,United Kingdom
489544,22411,JUMBO SHOPPER VINTAGE RED PAISLEY,1,2023-06-16 14:03:00,42.62,17680,United Kingdom
489831,23204,JUMBO BAG BABUSHKA,10,2023-06-16 17:34:00,19.09,17533,United Kingdom
489858,85099C,JUMBO BAG BAROQUE BLACK WHITE,2,2023-06-17 08:30:00,43.23,15562,United Kingdom
489488,22912,YELLOW COAT RACK PARIS FASHION,10,2023-06-17 11:35:00,42.14,15039,United Kingdom
489616,20727,LUNCH BAG BLACK SKULL,4,2023-06-17 12:10:00,23.69,16394,Belgium
489537,22748,POPPY'S PLAYHOUSE KITCHEN,3,2023-06-18 13:20:00,18.36,15681,United Kingdom
489688,22632,HAND WARMER RED POLKA DOT,4,2023-06-20 11:53:00,38.22,15911,United Kingdom
489879,22720,SET OF 3 CAKE TINS PANTRY DESIGN,11,2023-06-21 10:23:00,18.27,16372,Germany
489644,22720,SET OF 3 CAKE TINS PANTRY DESIGN,6,2023-06-21 12:23:00,5.03,15503,United Kingdom
489485,22913,RED COAT RACK PARIS FASHION,5,2023-06-21 14:19:00,14.58,17820,United Kingdom
489802,22752,SET 7 BABUSHKA NESTING BOXES,2,2023-06-22 19:48:00,0.72,14079,United Kingdom
489718,21754,HOME BUILDING BLOCK WORD,1,2023-06-23 10:00:00,4.49,16866,United Kingdom
489485,21754,HOME BUILDING BLOCK WORD,4,2023-06-23 12:51:00,44.83,16247,France
489812,23204,JUMBO BAG BABUSHKA,92,2023-06-23 13:23:00,44.28,17362,France
489848,22913,RED COAT RACK PARIS FASHION,5,2023-06-24 13:30:00,32.78,15963,United Kingdom
489465,20725,LUNCH BAG RED RETROSPOT,20,2023-06-25 19:19:00,42.26,17439,Germany
489489,71053,WHITE METAL LANTERN,6,2023-06-26 09:34:00,5.98,14989,France
489721,22411,JUMBO SHOPPER VINTAGE RED PAISLEY,8,2023-06-26 12:15:00,24.29,15437,Germany
489611,22913,RED COAT RACK PARIS FASHION,8,2023-06-26 13:36:00,26.29,14897,France
489856,84029G,KNITTED UNION FLAG HOT WATER BOTTLE,2,2023-06-26 18:20:00,40.12,14147,United Kingdom
489610,22912,YELLOW COAT RACK PARIS FASHION,9,2023-06-26 19:04:00,17.46,16524,EIRE
489528,22633,HAND WARMER UNION JACK,48,2023-06-28 08:34:00,40.54,16794,France
489501,84969,BOX OF 6 ASSORTED COLOUR TEASPOONS,4,2023-06-28 11:09:00,26.78,14156,EIRE
489859,84969,BOX OF 6 ASSORTED COLOUR TEASPOONS,7,2023-06-28 19:00:00,3.78,18065,United Kingdom
489694,22632,HAND WARMER RED POLKA DOT,3,2023-06-29 16:23:00,45.46,15031,United Kingdom
489550,23204,JUMBO BAG BABUSHKA,10,2023-06-29 17:50:00,13.4,16954,United Kingdom
489847,23298,SPOTTY BUNTING,69,2023-06-30 18:18:00,2.77,16561,United Kingdom
489842,22623,BOX OF VINTAGE JIGSAW BLOCKS,9,2023-07-01 12:31:00,8.34,16221,United Kingdom
489728,20725,LUNCH BAG RED RETROSPOT,12,2023-07-02 13:32:00,22.04,15414,United Kingdom
489789,21034,REX CASH+CARRY JUMBO SHOPPER,68,2023-07-03 09:27:00,9.89,14029,France
489843,21212,PACK OF 72 RETROSPOT CAKE CASES,12,2023-07-03 13:02:00,43.25,16671,United Kingdom
489887,22310,IVORY KNITTED MUG COSY,11,2023-07-04 13:11:00,1.11,15604,United Kingdom
489810,84969,BOX OF 6 ASSORTED COLOUR TEASPOONS,2,2023-07-04 19:46:00,7.75,15877,United Kingdom
489644,22622,BOX OF VINTAGE ALPHABET BLOCKS,5,2023-07-05 12:13:00,39.6,14642,Germany
489625,48187,DOORMAT NEW ENGLAND,7,2023-07-05 13:06:00,14.49,17959,United Kingdom
489604,22913,RED COAT RACK PARIS FASHION,9,2023-07-06 13:52:00,1.74,14132,United Kingdom
489486,22086,PAPER CHAIN KIT 50'S CHRISTMAS,6,2023-07-06 17:40:00,49.74,17870,Germany
489451,22197,POPCORN HOLDER,11,2023-07-06 19:56:00,14.9,14774,United Kingdom
489525,22632,HAND WARMER RED POLKA DOT,7,2023-07-07 14:49:00,28.35,18162,United Kingdom
489827,84969,BOX OF 6 ASSORTED COLOUR TEASPOONS,71,2023-07-09 12:37:00,7.89,14433,United Kingdom
489876,22623,BOX OF VINTAGE JIGSAW BLOCKS,3,2023-07-10 12:04:00,42.4,15071,United Kingdom
489887,85099C,JUMBO BAG BAROQUE BLACK WHITE,44,2023-07-10 15:39:00,1.52,15424,United Kingdom
489790,22912,YELLOW COAT RACK PARIS FASHION,8,2023-07-10 17:38:00,11.3,14714,United Kingdom
489573,21754,HOME BUILDING BLOCK WORD,6,2023-07-13 19:23:00,2.6,17646,France
489853,22622,BOX OF VINTAGE ALPHABET BLOCKS,4,2023-07-14 13:30:00,19.94,17072,United Kingdom
489800,84029E,RED WOOLLY HOTTIE WHITE HEART,11,2023-07-15 12:44:00,48.72,17230,United Kingdom
489719,20727,LUNCH BAG BLACK SKULL,5,2023-07-15 12:56:00,9.43,17652,United Kingdom
489766,22752,SET 7 BABUSHKA NESTING BOXES,9,2023-07-15 19:36:00,22.62,17314,United Kingdom
489627,20725,LUNCH BAG RED RETROSPOT,6,2023-07-17 14:22:00,32.34,16621,Germany
489443,23204,JUMBO BAG BABUSHKA,9,2023-07-18 08:05:00,35.99,15916,United Kingdom
489713,48187,DOORMAT NEW ENGLAND,3,2023-07-18 19:03:00,43.41,14889,United Kingdom
489706,85099B,JUMBO BAG RED RETROSPOT,1,2023-07-19 09:00:00,39.03,15171,United Kingdom
489759,85123A,WHITE HANGING HEART T-LIGHT HOLDER,5,2023-07-19 14:59:00,23.95,16965,United Kingdom
489631,84879,ASSORTED COLOUR BIRD ORNAMENT,2,2023-07-20 09:24:00,6.37,15417,United Kingdom
489671,22960,JAM MAKING SET WITH JARS,54,2023-07-20 16:01:00,11.54,14342,United Kingdom
489879,23203,JUMBO BAG VINTAGE DOILY,7,2023-07-21 09:07:00,9.08,17944,United Kingdom
489447,21754,HOME BUILDING BLOCK WORD,6,2023-07-21 13:40:00,39.25,16104,Spain
489623,21034,REX CASH+CARRY JUMBO SHOPPER,1,2023-07-22 10:38:00,29.99,15409,Germany
489709,84879,ASSORTED COLOUR BIRD ORNAMENT,7,2023-07-22 19:22:00,14.52,17628,United Kingdom
489572,84879,ASSORTED COLOUR BIRD ORNAMENT,5,2023-07-23 11:11:00,14.06,17912,United Kingdom
489784,22622,BOX OF VINTAGE ALPHABET BLOCKS,12,2023-07-24 13:26:00,49.99,16243,United Kingdom
489844,21034,REX CASH+CARRY JUMBO SHOPPER,12,2023-07-25 10:18:00,9.23,14919,Germany
489662,22752,SET 7 BABUSHKA NESTING BOXES,2,2023-07-25 17:36:00,28.03,17770,United Kingdom
489638,22745,POPPY'S PLAYHOUSE BEDROOM,11,2023-07-26 09:34:00,27.38,18255,United Kingdom
489819,22622,BOX OF VINTAGE ALPHABET BLOCKS,10,2023-07-26 19:28:00,41.03,15160,France
489468,84029E,RED WOOLLY HOTTIE WHITE HEART,9,2023-07-27 17:50:00,49.85,14185,Italy
489710,22960,JAM MAKING SET WITH JARS,11,2023-07-27 19:13:00,35.79,14168,Portugal
489884,20725,LUNCH BAG RED RETROSPOT,1,2023-07-27 19:29:00,38.15,15884,United Kingdom
489835,21034,REX CASH+CARRY JUMBO SHOPPER,11,2023-07-29 17:23:00,8.66,15586,France
489455,48187,DOORMAT NEW ENGLAND,58,2023-07-29 19:55:00,33.31,16140,United Kingdom
489587,21730,GLASS STAR FROSTED T-LIGHT HOLDER,12,2023-07-30 08:43:00,3.92,14006,France
489751,22748,POPPY'S PLAYHOUSE KITCHEN,10,2023-07-30 17:32:00,38.9,18278,France
489482,85099C,JUMBO BAG BAROQUE BLACK WHITE,25,2023-07-30 17:44:00,48.51,18160,United Kingdom
489551,22411,JUMBO SHOPPER VINTAGE RED PAISLEY,3,2023-07-31 12:33:00,15.1,15220,United Kingdom
489651,22632,HAND WARMER RED POLKA DOT,3,2023-08-01 15:03:00,47.99,16898,United Kingdom
489585,22197,POPCORN HOLDER,1,2023-08-02 11:23:00,20.46,18228,United Kingdom
489487,22752,SET 7 BABUSHKA NESTING BOXES,1,2023-08-03 08:03:00,48.01,15055,United Kingdom
489859,84029E,RED WOOLLY HOTTIE WHITE HEART,4,2023-08-03 11:16:00,32.24,15411,United Kingdom
489493,22745,POPPY'S PLAYHOUSE BEDROOM,2,2023-08-04 12:39:00,3.0,18188,United Kingdom
489809,85123A,WHITE HANGING HEART T-LIGHT HOLDER,64,2023-08-04 19:11:00,31.8,18106,United Kingdom
489490,22752,SET 7 BABUSHKA NESTING BOXES,4,2023-08-05 10:30:00,40.06,15775,United Kingdom
489448,22623,BOX OF VINTAGE JIGSAW BLOCKS,10,2023-08-09 14:18:00,44.86,14465,United Kingdom
489651,85099B,JUMBO BAG RED RETROSPOT,37,2023-08-09 16:15:00,9.74,15611,United Kingdom
489442,20725,LUNCH BAG RED RETROSPOT,3,2023-08-09 16:37:00,22.58,16603,United Kingdom
489608,47566,PARTY BUNTING,3,2023-08-09 18:55:00,33.47,17512,United Kingdom
489861,22913,RED COAT RACK PARIS FASHION,6,2023-08-09 19:09:00,2.64,16955,United Kingdom
489807,22633,HAND WARMER UNION JACK,41,2023-08-09 19:59:00,36.7,14771,United Kingdom
489685,84879,ASSORTED COLOUR BIRD ORNAMENT,3,2023-08-10 12:53:00,29.81,17141,EIRE
489842,84969,BOX OF 6 ASSORTED COLOUR TEASPOONS,5,2023-08-10 18:28:00,20.8,17091,United Kingdom
489524,22197,POPCORN HOLDER,5,2023-08-12 09:30:00,19.24,17100,United Kingdom
489803,22912,YELLOW COAT RACK PARIS FASHION,2,2023-08-12 18:15:00,7.37,18231,United Kingdom
489616,21755,LOVE BUILDING BLOCK WORD,3,2023-08-13 09:09:00,37.17,15687,EIRE
489514,22912,YELLOW COAT RACK PARIS FASHION,11,2023-08-13 14:16:00,5.26,14289,United Kingdom
489509,23203,JUMBO BAG VINTAGE DOILY,12,2023-08-13 15:03:00,30.7,15374,Switzerland
489839,84879,ASSORTED COLOUR BIRD ORNAMENT,9,2023-08-13 18:21:00,32.2,16916,United Kingdom
489631,84029E,RED WOOLLY HOTTIE WHITE HEART,2,2023-08-14 11:28:00,5.13,16351,United Kingdom
489798,22623,BOX OF VINTAGE JIGSAW BLOCKS,1,2023-08-14 13:04:00,16.58,15293,Australia
489789,22411,JUMBO SHOPPER VINTAGE RED PAISLEY,8,2023-08-15 17:09:00,45.58,15050,United Kingdom
489450,84879,ASSORTED COLOUR BIRD ORNAMENT,1,2023-08-15 17:27:00,27.97,17465,United Kingdom
489690,48187,DOORMAT NEW ENGLAND,12,2023-08-16 19:14:00,43.54,15879,United Kingdom
489467,85099B,JUMBO BAG RED RETROSPOT,4,2023-08-17 09:57:00,18.53,14633,Spain
489883,22720,SET OF 3 CAKE TINS PANTRY DESIGN,2,2023-08-20 09:35:00,20.85,17930,United Kingdom
489463,22914,BLUE COAT RACK PARIS FASHION,10,2023-08-21 19:30:00,34.2,17156,France
489758,21212,PACK OF 72 RETROSPOT CAKE CASES,9,2023-08-23 19:51:00,32.76,17835,United Kingdom
489738,20725,LUNCH BAG RED RETROSPOT,1,2023-08-24 08:01:00,10.48,17179,France
489797,22912,YELLOW COAT RACK PARIS FASHION,4,2023-08-24 18:04:00,46.51,17841,United Kingdom
489567,21754,HOME BUILDING BLOCK WORD,1,2023-08-25 12:45:00,12.79,17474,United Kingdom
489514,22632,HAND WARMER RED POLKA DOT,1,2023-08-25 17:40:00,33.78,17568,France
489749,47566,PARTY BUNTING,5,2023-08-27 10:58:00,21.34,16856,United Kingdom
489576,22914,BLUE COAT RACK PARIS FASHION,12,2023-08-27 12:40:00,47.4,15940,United Kingdom
489689,23204,JUMBO BAG BABUSHKA,1,2023-08-28 10:48:00,14.98,16013,United Kingdom
489466,84879,ASSORTED COLOUR BIRD ORNAMENT,9,2023-08-28 13:22:00,18.69,14784,United Kingdom
489678,84969,BOX OF 6 ASSORTED COLOUR TEASPOONS,4,2023-08-28 19:49:00,34.11,14159,United Kingdom
489593,84879,ASSORTED COLOUR BIRD ORNAMENT,11,2023-08-29 14:55:00,28.02,16312,Belgium
489448,22912,YELLOW COAT RACK PARIS FASHION,12,2023-08-31 14:31:00,23.94,17643,United Kingdom
489617,85123A,WHITE HANGING HEART T-LIGHT HOLDER,1,2023-09-01 14:16:00,15.29,16544,United Kingdom
489574,22623,BOX OF VINTAGE JIGSAW BLOCKS,7,2023-09-03 15:10:00,36.19,17498,United Kingdom
489850,22960,JAM MAKING SET WITH JARS,8,2023-09-03 15:40:00,27.19,16910,United Kingdom
489566,21730,GLASS STAR FROSTED T-LIGHT HOLDER,11,2023-09-06 11:04:00,4.88,15780,Germany
489681,21730,GLASS STAR FROSTED T-LIGHT HOLDER,12,2023-09-06 16:04:00,28.43,17594,United Kingdom
489799,22912,YELLOW COAT RACK PARIS FASHION,5,2023-09-07 08:07:00,0.66,17714,United Kingdom
489522,84969,BOX OF 6 ASSORTED COLOUR TEASPOONS,5,2023-09-07 11:55:00,3.24,16617,United Kingdom
489829,21730,GLASS STAR FROSTED T-LIGHT HOLDER,8,2023-09-07 16:37:00,1.01,17296,United Kingdom
489494,22411,JUMBO SHOPPER VINTAGE RED PAISLEY,11,2023-09-08 13:52:00,45.67,17145,France
489686,22086,PAPER CHAIN KIT 50'S CHRISTMAS,4,2023-09-09 09:31:00,43.25,15202,Germany
489765,84029G,KNITTED UNION FLAG HOT WATER BOTTLE,1,2023-09-10 13:47:00,21.68,15983,United Kingdom
489731,22633,HAND WARMER UNION JACK,9,2023-09-11 13:29:00,6.81,17939,France
489534,85099B,JUMBO BAG RED RETROSPOT,4,2023-09-11 13:39:00,42.88,17336,Belgium
489446,21730,GLASS STAR FROSTED T-LIGHT HOLDER,6,2023-09-11 15:35:00,46.29,15263,Netherlands
489593,48187,DOORMAT NEW ENGLAND,6,2023-09-12 09:23:00,27.1,15014,United Kingdom
489879,22720,SET OF 3 CAKE TINS PANTRY DESIGN,7,2023-09-12 09:38:00,25.64,17944,United Kingdom
489874,84029G,KNITTED UNION FLAG HOT WATER BOTTLE,1,2023-09-13 08:42:00,34.81,17678,France
489696,22914,BLUE COAT RACK PARIS FASHION,5,2023-09-13 12:41:00,47.64,14166,United Kingdom
489574,22745,POPPY'S PLAYHOUSE BEDROOM,10,2023-09-14 15:33:00,25.38,16363,France
489606,22748,POPPY'S PLAYHOUSE KITCHEN,11,2023-09-15 08:36:00,4.3,15909,United Kingdom
489493,22411,JUMBO SHOPPER VINTAGE RED PAISLEY,7,2023-09-19 14:25:00,1.12,15749,United Kingdom
489779,20727,LUNCH BAG BLACK SKULL,7,2023-09-19 16:26:00,27.26,15177,United Kingdom
489861,22382,LUNCH BAG SPACEBOY DESIGN,3,2023-09-19 19:16:00,40.33,17617,United Kingdom
489849,22633,HAND WARMER UNION JACK,12,2023-09-22 12:50:00,11.44,14687,United Kingdom
489485,22411,JUMBO SHOPPER VINTAGE RED PAISLEY,2,2023-09-24 08:04:00,25.1,15504,United Kingdom
489853,84406B,CREAM CUPID HEARTS COAT HANGER,11,2023-09-24 08:56:00,11.65,14575,United Kingdom
489634,22914,BLUE COAT RACK PARIS FASHION,6,2023-09-24 12:41:00,34.36,16205,United Kingdom
489537,22411,JUMBO SHOPPER VINTAGE RED PAISLEY,33,2023-09-24 13:37:00,38.28,16757,France
489842,84969,BOX OF 6 ASSORTED COLOUR TEASPOONS,9,2023-09-26 08:20:00,35.41,17237,United Kingdom
489682,21212,PACK OF 72 RETROSPOT CAKE CASES,1,2023-09-27 09:34:00,42.87,17500,Germany
489534,20727,LUNCH BAG BLACK SKULL,5,2023-09-27 14:02:00,21.54,17158,United Kingdom
489607,47566,PARTY BUNTING,4,2023-09-28 12:56:00,45.71,18041,Netherlands
489745,22622,BOX OF VINTAGE ALPHABET BLOCKS,6,2023-09-29 15:03:00,43.81,17062,United Kingdom
489820,21777,RECIPE BOX WITH METAL HEART,2,2023-09-29 15:38:00,26.16,14269,Netherlands
489873,23204,JUMBO BAG BABUSHKA,7,2023-09-29 18:30:00,48.44,17086,Spain
489862,21212,PACK OF 72 RETROSPOT CAKE CASES,12,2023-09-29 19:25:00,35.49,14097,United Kingdom
489695,71053,WHITE METAL LANTERN,5,2023-09-30 11:55:00,39.64,16450,United Kingdom
489802,22411,JUMBO SHOPPER VINTAGE RED PAISLEY,3,2023-10-01 15:02:00,20.53,15440,United Kingdom
489826,47566,PARTY BUNTING,7,2023-10-02 17:27:00,17.66,15277,United Kingdom
489842,22960,JAM MAKING SET WITH JARS,4,2023-10-03 19:19:00,23.93,16626,United Kingdom
489580,84969,BOX OF 6 ASSORTED COLOUR TEASPOONS,1,2023-10-04 11:35:00,26.93,15139,United Kingdom
489532,84879,ASSORTED COLOUR BIRD ORNAMENT,87,2023-10-04 11:46:00,22.17,14530,United Kingdom
489875,48187,DOORMAT NEW ENGLAND,3,2023-10-04 16:51:00,30.22,15192,United Kingdom
489524,85099C,JUMBO BAG BAROQUE BLACK WHITE,5,2023-10-04 19:48:00,21.86,17999,United Kingdom
489549,22748,POPPY'S PLAYHOUSE KITCHEN,3,2023-10-05 08:03:00,4.96,18244,United Kingdom
489503,22197,POPCORN HOLDER,3,2023-10-05 09:09:00,13.03,17931,United Kingdom
489629,84406B,CREAM CUPID HEARTS COAT HANGER,8,2023-10-05 11:25:00,38.49,15337,United Kingdom
489598,22633,HAND WARMER UNION JACK,3,2023-10-05 15:57:00,36.83,16535,United Kingdom
489600,22622,BOX OF VINTAGE ALPHABET BLOCKS,29,2023-10-06 14:59:00,18.98,15006,United Kingdom
489535,47566,PARTY BUNTING,2,2023-10-07 09:42:00,14.03,16359,Germany
489753,21777,RECIPE BOX WITH METAL HEART,5,2023-10-08 17:07:00,20.88,15378,United Kingdom
489849,22748,POPPY'S PLAYHOUSE KITCHEN,4,2023-10-09 12:02:00,31.23,17162,Norway
489783,22912,YELLOW COAT RACK PARIS FASHION,4,2023-10-10 18:21:00,11.48,16565,United Kingdom
489844,20727,LUNCH BAG BLACK SKULL,12,2023-10-11 11:28:00,24.88,14677,France
489644,84029E,RED WOOLLY HOTTIE WHITE HEART,7,2023-10-12 11:50:00,16.05,17686,United Kingdom
489873,84406B,CREAM CUPID HEARTS COAT HANGER,10,2023-10-12 13:05:00,38.6,18275,United Kingdom
489650,21777,RECIPE BOX WITH METAL HEART,4,2023-10-12 15:15:00,2.85,14680,Netherlands
489814,21034,REX CASH+CARRY JUMBO SHOPPER,5,2023-10-14 16:30:00,7.75,15520,United Kingdom
489633,85099B,JUMBO BAG RED RETROSPOT,8,2023-10-14 19:24:00,49.34,14874,United Kingdom
489633,22748,POPPY'S PLAYHOUSE KITCHEN,98,2023-10-15 14:36:00,3.35,17020,United Kingdom
489730,22960,JAM MAKING SET WITH JARS,4,2023-10-17 09:38:00,14.37,14139,United Kingdom
489738,22720,SET OF 3 CAKE TINS PANTRY DESIGN,10,2023-10-17 15:49:00,39.5,17885,United Kingdom
489861,21777,RECIPE BOX WITH METAL HEART,8,2023-10-17 17:43:00,30.8,15399,EIRE
489517,22633,HAND WARMER UNION JACK,1,2023-10-18 16:59:00,9.18,17660,United Kingdom
489692,21034,REX CASH+CARRY JUMBO SHOPPER,3,2023-10-19 11:31:00,11.68,16637,EIRE
489805,22960,JAM MAKING SET WITH JARS,3,2023-10-20 09:52:00,32.71,17797,United Kingdom
489764,22086,PAPER CHAIN KIT 50'S CHRISTMAS,6,2023-10-20 10:28:00,20.3,15017,Germany
489473,84029G,KNITTED UNION FLAG HOT WATER BOTTLE,4,2023-10-20 15:58:00,21.68,15765,United Kingdom
489509,22622,BOX OF VINTAGE ALPHABET BLOCKS,7,2023-10-20 16:52:00,34.43,18126,United Kingdom
489854,47566,PARTY BUNTING,11,2023-10-22 11:09:00,44.4,17963,United Kingdom
489692,84879,ASSORTED COLOUR BIRD ORNAMENT,4,2023-10-22 16:20:00,22.82,16404,EIRE
489597,48187,DOORMAT NEW ENGLAND,6,2023-10-23 18:34:00,28.79,17245,United Kingdom
489441,22912,YELLOW COAT RACK PARIS FASHION,5,2023-10-24 13:48:00,39.3,15377,United Kingdom
489795,22633,HAND WARMER UNION JACK,8,2023-10-25 14:41:00,38.45,16669,United Kingdom
489763,71053,WHITE METAL LANTERN,8,2023-10-26 09:42:00,7.54,14332,France
489548,22382,LUNCH BAG SPACEBOY DESIGN,11,2023-10-26 17:47:00,11.19,15053,United Kingdom
489510,22748,POPPY'S PLAYHOUSE KITCHEN,5,2023-10-27 11:13:00,13.26,16819,France
489557,84029G,KNITTED UNION FLAG HOT WATER BOTTLE,7,2023-10-29 12:40:00,25.52,17212,United Kingdom
489682,23203,JUMBO BAG VINTAGE DOILY,11,2023-10-30 19:34:00,19.91,15651,United Kingdom
489481,21754,HOME BUILDING BLOCK WORD,4,2023-10-31 11:10:00,30.12,17014,United Kingdom
489722,22633,HAND WARMER UNION JACK,8,2023-11-03 19:10:00,19.95,14415,United Kingdom
489829,22310,IVORY KNITTED MUG COSY,12,2023-11-04 09:04:00,21.35,17675,United Kingdom
489685,21755,LOVE BUILDING BLOCK WORD,3,2023-11-04 13:58:00,16.84,18277,United Kingdom
489698,71053,WHITE METAL LANTERN,6,2023-11-04 14:59:00,44.23,16934,United Kingdom
489835,22623,BOX OF VINTAGE JIGSAW BLOCKS,11,2023-11-04 17:00:00,9.08,17251,United Kingdom
489697,84029G,KNITTED UNION FLAG HOT WATER BOTTLE,12,2023-11-06 11:17:00,27.36,16541,United Kingdom
489886,84029E,RED WOOLLY HOTTIE WHITE HEART,4,2023-11-06 13:14:00,2.75,15812,Germany
489499,21754,HOME BUILDING BLOCK WORD,2,2023-11-07 09:48:00,15.57,17626,United Kingdom
489720,21212,PACK OF 72 RETROSPOT CAKE CASES,3,2023-11-07 14:15:00,46.52,16350,United Kingdom
489695,84406B,CREAM CUPID HEARTS COAT HANGER,12,2023-11-07 16:29:00,37.02,14388,United Kingdom
489686,22720,SET OF 3 CAKE TINS PANTRY DESIGN,6,2023-11-09 14:31:00,46.33,17049,United Kingdom
489677,20725,LUNCH BAG RED RETROSPOT,19,2023-11-09 17:43:00,43.98,16412,United Kingdom
489683,22197,POPCORN HOLDER,9,2023-11-10 17:36:00,28.57,16921,United Kingdom
489717,84029G,KNITTED UNION FLAG HOT WATER BOTTLE,3,2023-11-12 08:08:00,25.15,16697,United Kingdom
489479,22622,BOX OF VINTAGE ALPHABET BLOCKS,1,2023-11-13 13:28:00,4.46,17940,United Kingdom
489881,22632,HAND WARMER RED POLKA DOT,7,2023-11-13 13:56:00,1.39,16231,United Kingdom
489802,48187,DOORMAT NEW ENGLAND,2,2023-11-14 09:25:00,28.26,16060,United Kingdom
489675,22913,RED COAT RACK PARIS FASHION,1,2023-11-14 15:03:00,15.33,17373,United Kingdom
489776,48187,DOORMAT NEW ENGLAND,7,2023-11-15 09:12:00,42.21,15854,United Kingdom
489584,23203,JUMBO BAG VINTAGE DOILY,11,2023-11-15 09:19:00,23.85,17372,United Kingdom
489762,47566,PARTY BUNTING,11,2023-11-16 14:06:00,23.01,15751,France
489699,21730,GLASS STAR FROSTED T-LIGHT HOLDER,10,2023-11-17 18:44:00,16.9,17071,Germany
489718,48187,DOORMAT NEW ENGLAND,8,2023-11-18 08:34:00,32.76,14900,United Kingdom
489860,22197,POPCORN HOLDER,2,2023-11-21 16:11:00,9.93,17230,United Kingdom
489580,23084,RABBIT NIGHT LIGHT,11,2023-11-22 17:35:00,31.63,17612,France
489435,21730,GLASS STAR FROSTED T-LIGHT HOLDER,79,2023-11-22 18:40:00,18.05,17337,United Kingdom
489758,22633,HAND WARMER UNION JACK,2,2023-11-23 15:19:00,13.62,16287,United Kingdom
489758,22748,POPPY'S PLAYHOUSE KITCHEN,7,2023-11-23 15:30:00,7.23,15214,Spain
489714,20727,LUNCH BAG BLACK SKULL,1,2023-11-24 12:17:00,25.11,16783,United Kingdom
489643,22745,POPPY'S PLAYHOUSE BEDROOM,4,2023-11-24 16:31:00,44.52,15194,Germany
489485,22310,IVORY KNITTED MUG COSY,6,2023-11-25 13:53:00,31.91,18113,Germany
489871,84029G,KNITTED UNION FLAG HOT WATER BOTTLE,11,2023-11-25 16:43:00,7.35,15943,France
489793,47566,PARTY BUNTING,5,2023-11-26 12:07:00,38.06,18265,United Kingdom
489501,85123A,WHITE HANGING HEART T-LIGHT HOLDER,10,2023-11-26 14:23:00,26.12,16300,United Kingdom
489559,84879,ASSORTED COLOUR BIRD ORNAMENT,6,2023-11-26 17:37:00,22.42,17829,United Kingdom
489548,22310,IVORY KNITTED MUG COSY,7,2023-11-27 12:49:00,25.03,17709,United Kingdom
489706,22960,JAM MAKING SET WITH JARS,3,2023-11-27 15:47:00,1.5,16699,Spain
489652,21730,GLASS STAR FROSTED T-LIGHT HOLDER,10,2023-11-28 08:11:00,16.95,16930,United Kingdom
489567,22633,HAND WARMER UNION JACK,9,2023-11-28 09:12:00,2.84,15891,United Kingdom
489510,22912,YELLOW COAT RACK PARIS FASHION,3,2023-11-28 17:08:00,0.87,17598,United Kingdom
489816,22748,POPPY'S PLAYHOUSE KITCHEN,53,2023-11-29 09:02:00,2.05,15515,United Kingdom
489769,22748,POPPY'S PLAYHOUSE KITCHEN,8,2023-11-29 17:21:00,10.87,15226,United Kingdom
489752,22086,PAPER CHAIN KIT 50'S CHRISTMAS,9,2023-11-29 17:37:00,38.64,17375,United Kingdom
489489,48187,DOORMAT NEW ENGLAND,1,2023-12-01 09:53:00,42.74,17314,France
489801,22745,POPPY'S PLAYHOUSE BEDROOM,4,2023-12-02 12:10:00,9.02,16748,United Kingdom
489622,21777,RECIPE BOX WITH METAL HEART,5,2023-12-02 16:13:00,41.88,18238,France
489471,84406B,CREAM CUPID HEARTS COAT HANGER,8,2023-12-02 16:24:00,2.6,14742,United Kingdom
489437,22411,JUMBO SHOPPER VINTAGE RED PAISLEY,5,2023-12-04 09:41:00,23.74,16039,United Kingdom
489524,84969,BOX OF 6 ASSORTED COLOUR TEASPOONS,5,2023-12-04 11:39:00,22.83,15502,United Kingdom
489701,22197,POPCORN HOLDER,10,2023-12-05 10:01:00,22.34,17672,United Kingdom
489521,21777,RECIPE BOX WITH METAL HEART,1,2023-12-05 10:18:00,11.15,16913,United Kingdom
489467,21730,GLASS STAR FROSTED T-LIGHT HOLDER,6,2023-12-07 16:31:00,28.47,17120,Germany
489497,22632,HAND WARMER RED POLKA DOT,1,2023-12-08 13:15:00,9.7,14548,United Kingdom
489843,85099C,JUMBO BAG BAROQUE BLACK WHITE,7,2023-12-10 15:34:00,27.95,14131,United Kingdom
489844,21034,REX CASH+CARRY JUMBO SHOPPER,8,2023-12-12 09:04:00,14.83,14710,United Kingdom
489496,85123A,WHITE HANGING HEART T-LIGHT HOLDER,12,2023-12-12 17:35:00,12.56,17777,United Kingdom
489568,22310,IVORY KNITTED MUG COSY,37,2023-12-13 08:07:00,24.25,14889,Netherlands
489472,22752,SET 7 BABUSHKA NESTING BOXES,11,2023-12-13 09:07:00,25.66,18173,United Kingdom
489846,22752,SET 7 BABUSHKA NESTING BOXES,9,2023-12-15 10:30:00,15.47,17513,France
489672,48187,DOORMAT NEW ENGLAND,12,2023-12-17 14:40:00,18.14,14747,United Kingdom
489547,22960,JAM MAKING SET WITH JARS,82,2023-12-17 18:46:00,19.45,15292,Germany
489525,22623,BOX OF VINTAGE JIGSAW BLOCKS,7,2023-12-18 10:33:00,5.5,16736,United Kingdom
489502,22752,SET 7 BABUSHKA NESTING BOXES,19,2023-12-18 18:57:00,6.72,14629,United Kingdom
489679,84029G,KNITTED UNION FLAG HOT WATER BOTTLE,10,2023-12-19 11:47:00,31.18,18145,United Kingdom
489575,21212,PACK OF 72 RETROSPOT CAKE CASES,4,2023-12-19 17:55:00,23.04,17949,United Kingdom
489741,20725,LUNCH BAG RED RETROSPOT,9,2023-12-21 15:44:00,47.63,17045,United Kingdom
489588,22913,RED COAT RACK PARIS FASHION,11,2023-12-23 08:30:00,21.6,17813,United Kingdom
489663,22197,POPCORN HOLDER,12,2023-12-23 16:02:00,27.87,15183,United Kingdom
489865,22411,JUMBO SHOPPER VINTAGE RED PAISLEY,1,2023-12-24 16:20:00,42.38,15637,United Kingdom
489487,23298,SPOTTY BUNTING,9,2023-12-25 12:13:00,10.75,15786,United Kingdom
489574,22745,POPPY'S PLAYHOUSE BEDROOM,4,2023-12-25 13:28:00,29.59,14670,United Kingdom
489721,21755,LOVE BUILDING BLOCK WORD,12,2023-12-25 13:39:00,33.62,17551,France
489538,20727,LUNCH BAG BLACK SKULL,1,2023-12-26 12:27:00,24.12,16436,United Kingdom
489732,84029E,RED WOOLLY HOTTIE WHITE HEART,12,2023-12-27 10:04:00,7.13,15766,United Kingdom
489442,84969,BOX OF 6 ASSORTED COLOUR TEASPOONS,22,2023-12-28 16:27:00,48.11,15140,Belgium
489574,22197,POPCORN HOLDER,4,2023-12-29 19:34:00,48.5,17593,United Kingdom
489596,21754,HOME BUILDING BLOCK WORD,50,2023-12-30 09:00:00,37.93,14867,United Kingdom
489602,22912,YELLOW COAT RACK PARIS FASHION,9,2023-12-30 10:02:00,10.98,16689,Netherlands
489674,22086,PAPER CHAIN KIT 50'S CHRISTMAS,1,2023-12-30 18:02:00,41.8,17764,France
489604,22310,IVORY KNITTED MUG COSY,3,2023-12-31 09:38:00,15.05,17251,United Kingdom
489435,20727,LUNCH BAG BLACK SKULL,10,2024-01-01 12:10:00,6.84,17973,United Kingdom
489775,47566,PARTY BUNTING,13,2024-01-02 11:13:00,14.07,14778,United Kingdom
489754,85099B,JUMBO BAG RED RETROSPOT,4,2024-01-02 14:06:00,32.87,14386,United Kingdom
489495,23204,JUMBO BAG BABUSHKA,11,2024-01-03 09:00:00,43.35,14876,Germany
489671,47566,PARTY BUNTING,9,2024-01-03 13:40:00,8.3,17553,United Kingdom
489772,84406B,CREAM CUPID HEARTS COAT HANGER,11,2024-01-03 13:55:00,46.64,17553,United Kingdom
489481,48187,DOORMAT NEW ENGLAND,5,2024-01-04 13:54:00,38.55,15307,France
489620,22914,BLUE COAT RACK PARIS FASHION,40,2024-01-05 13:05:00,4.09,16895,France
489792,22748,POPPY'S PLAYHOUSE KITCHEN,12,2024-01-05 15:59:00,17.51,16631,United Kingdom
489488,84029E,RED WOOLLY HOTTIE WHITE HEART,2,2024-01-06 11:29:00,43.21,14125,United Kingdom
489482,21034,REX CASH+CARRY JUMBO SHOPPER,10,2024-01-06 16:48:00,43.41,15887,United Kingdom
489727,85123A,WHITE HANGING HEART T-LIGHT HOLDER,7,2024-01-09 13:25:00,2.16,15094,United Kingdom
489616,21212,PACK OF 72 RETROSPOT CAKE CASES,7,2024-01-09 19:48:00,1.1,15079,United Kingdom
489533,22720,SET OF 3 CAKE TINS PANTRY DESIGN,6,2024-01-10 13:55:00,49.74,15808,United Kingdom
489879,85099C,JUMBO BAG BAROQUE BLACK WHITE,11,2024-01-10 16:08:00,14.92,17739,United Kingdom
489661,84879,ASSORTED COLOUR BIRD ORNAMENT,2,2024-01-11 09:00:00,26.16,14568,Netherlands
489602,22745,POPPY'S PLAYHOUSE BEDROOM,8,2024-01-11 16:31:00,31.2,14070,Netherlands
489699,22720,SET OF 3 CAKE TINS PANTRY DESIGN,7,2024-01-11 16:51:00,24.02,14637,France
489567,22913,RED COAT RACK PARIS FASHION,8,2024-01-12 17:20:00,29.88,17663,United Kingdom
489481,22622,BOX OF VINTAGE ALPHABET BLOCKS,5,2024-01-13 09:01:00,25.19,15708,EIRE
489844,84029G,KNITTED UNION FLAG HOT WATER BOTTLE,4,2024-01-13 14:50:00,48.34,16270,Germany
489636,23204,JUMBO BAG BABUSHKA,82,2024-01-14 10:20:00,7.82,16952,United Kingdom
489713,22622,BOX OF VINTAGE ALPHABET BLOCKS,5,2024-01-14 19:32:00,20.1,15659,United Kingdom
489599,21755,LOVE BUILDING BLOCK WORD,5,2024-01-15 11:22:00,43.27,15416,United Kingdom
489573,85099C,JUMBO BAG BAROQUE BLACK WHITE,10,2024-01-15 18:20:00,40.06,14419,United Kingdom
489589,22745,POPPY'S PLAYHOUSE BEDROOM,5,2024-01-16 11:27:00,21.22,15835,United Kingdom
489782,22411,JUMBO SHOPPER VINTAGE RED PAISLEY,8,2024-01-16 16:14:00,21.95,16506,United Kingdom
489528,85099C,JUMBO BAG BAROQUE BLACK WHITE,1,2024-01-17 18:23:00,35.44,14193,Spain
489842,84406B,CREAM CUPID HEARTS COAT HANGER,6,2024-01-18 15:47:00,34.11,15066,United Kingdom
489671,23298,SPOTTY BUNTING,10,2024-01-19 09:53:00,19.94,14166,United Kingdom
489478,85099B,JUMBO BAG RED RETROSPOT,10,2024-01-19 13:09:00,1.03,17050,France
489619,22086,PAPER CHAIN KIT 50'S CHRISTMAS,7,2024-01-19 13:39:00,35.07,17220,United Kingdom
489620,85099C,JUMBO BAG BAROQUE BLACK WHITE,8,2024-01-21 09:28:00,25.95,14501,United Kingdom
489684,23084,RABBIT NIGHT LIGHT,3,2024-01-21 14:36:00,27.4,17723,United Kingdom
489712,22752,SET 7 BABUSHKA NESTING BOXES,3,2024-01-23 09:22:00,40.61,16168,France
489669,22310,IVORY KNITTED MUG COSY,18,2024-01-23 14:47:00,46.7,16644,United Kingdom
489504,21034,REX CASH+CARRY JUMBO SHOPPER,7,2024-01-24 15:11:00,23.52,17600,France
489572,21212,PACK OF 72 RETROSPOT CAKE CASES,10,2024-01-24 19:18:00,46.46,14142,Germany
489465,85099B,JUMBO BAG RED RETROSPOT,10,2024-01-27 11:30:00,39.06,18146,United Kingdom
489578,22752,SET 7 BABUSHKA NESTING BOXES,11,2024-01-28 13:17:00,16.35,17583,United Kingdom
489471,84879,ASSORTED COLOUR BIRD ORNAMENT,12,2024-01-28 16:15:00,15.42,16783,Netherlands
489660,47566,PARTY BUNTING,4,2024-01-29 17:02:00,16.86,17258,United Kingdom
489791,23298,SPOTTY BUNTING,6,2024-01-29 17:32:00,28.15,15177,United Kingdom
489753,21034,REX CASH+CARRY JUMBO SHOPPER,10,2024-02-01 12:57:00,12.64,17316,France
489708,22913,RED COAT RACK PARIS FASHION,5,2024-02-02 11:16:00,2.04,14555,Spain
489721,22960,JAM MAKING SET WITH JARS,3,2024-02-03 17:07:00,18.08,14265,United Kingdom
489443,20727,LUNCH BAG BLACK SKULL,3,2024-02-04 10:27:00,15.64,17673,Germany
489569,21212,PACK OF 72 RETROSPOT CAKE CASES,4,2024-02-04 13:00:00,25.45,17988,United Kingdom
489474,84029G,KNITTED UNION FLAG HOT WATER BOTTLE,7,2024-02-04 15:35:00,28.51,16797,United Kingdom
489471,84029E,RED WOOLLY HOTTIE WHITE HEART,2,2024-02-05 15:05:00,25.47,17649,United Kingdom
489641,23204,JUMBO BAG BABUSHKA,11,2024-02-05 18:33:00,41.18,14213,United Kingdom
489827,22623,BOX OF VINTAGE JIGSAW BLOCKS,71,2024-02-06 08:35:00,0.55,15864,United Kingdom
489760,23203,JUMBO BAG VINTAGE DOILY,4,2024-02-06 17:27:00,23.45,14541,United Kingdom
489781,22960,JAM MAKING SET WITH JARS,6,2024-02-07 11:48:00,31.7,16167,EIRE
489515,71053,WHITE METAL LANTERN,2,2024-02-08 14:27:00,43.11,17512,United Kingdom
489846,23203,JUMBO BAG VINTAGE DOILY,2,2024-02-08 14:33:00,48.08,15168,United Kingdom
489857,22913,RED COAT RACK PARIS FASHION,7,2024-02-08 16:11:00,32.1,16347,France
489680,21755,LOVE BUILDING BLOCK WORD,5,2024-02-08 16:25:00,27.84,17458,EIRE
489504,22913,RED COAT RACK PARIS FASHION,6,2024-02-08 19:16:00,32.13,15204,United Kingdom
489467,21755,LOVE BUILDING BLOCK WORD,3,2024-02-08 19:56:00,19.47,15547,United Kingdom
489738,22623,BOX OF VINTAGE JIGSAW BLOCKS,5,2024-02-09 10:20:00,1.1,17311,United Kingdom
489435,47566,PARTY BUNTING,2,2024-02-09 18:03:00,22.45,17680,United Kingdom
489850,22960,JAM MAKING SET WITH JARS,6,2024-02-10 09:30:00,6.38,14261,United Kingdom
489885,22382,LUNCH BAG SPACEBOY DESIGN,1,2024-02-10 12:51:00,35.9,15535,Germany
489734,22086,PAPER CHAIN KIT 50'S CHRISTMAS,12,2024-02-11 12:15:00,30.36,17194,United Kingdom
489553,85099C,JUMBO BAG BAROQUE BLACK WHITE,6,2024-02-11 13:58:00,46.12,18125,United Kingdom
489674,22748,POPPY'S PLAYHOUSE KITCHEN,71,2024-02-11 14:12:00,43.38,16410,United Kingdom
489734,21777,RECIPE BOX WITH METAL HEART,9,2024-02-12 10:29:00,38.76,15647,France
489560,22633,HAND WARMER UNION JACK,8,2024-02-13 11:55:00,47.68,16046,United Kingdom
489520,21754,HOME BUILDING BLOCK WORD,5,2024-02-14 09:23:00,38.02,17235,United Kingdom
489486,21730,GLASS STAR FROSTED T-LIGHT HOLDER,1,2024-02-14 11:47:00,43.78,16508,United Kingdom
489525,85123A,WHITE HANGING HEART T-LIGHT HOLDER,11,2024-02-15 08:01:00,2.41,15438,France
489507,22623,BOX OF VINTAGE JIGSAW BLOCKS,11,2024-02-15 09:43:00,37.06,16528,EIRE
489861,85123A,WHITE HANGING HEART T-LIGHT HOLDER,9,2024-02-15 12:47:00,49.06,15835,United Kingdom
489677,21212,PACK OF 72 RETROSPOT CAKE CASES,2,2024-02-15 19:19:00,12.77,15900,United Kingdom
489707,23204,JUMBO BAG BABUSHKA,11,2024-02-16 10:03:00,28.6,17087,United Kingdom
489700,23204,JUMBO BAG BABUSHKA,10,2024-02-16 16:06:00,48.11,17245,Spain
489493,22622,BOX OF VINTAGE ALPHABET BLOCKS,10,2024-02-18 11:45:00,34.04,17077,United Kingdom
489866,22411,JUMBO SHOPPER VINTAGE RED PAISLEY,3,2024-02-18 14:39:00,28.47,14486,United Kingdom
489525,84879,ASSORTED COLOUR BIRD ORNAMENT,6,2024-02-19 17:56:00,23.55,15418,France
489454,84029G,KNITTED UNION FLAG HOT WATER BOTTLE,9,2024-02-19 19:04:00,6.99,15704,United Kingdom
489786,22632,HAND WARMER RED POLKA DOT,2,2024-02-21 10:12:00,8.37,15010,United Kingdom
489612,22633,HAND WARMER UNION JACK,12,2024-02-24 11:51:00,35.97,15135,EIRE
489613,47566,PARTY BUNTING,9,2024-02-24 12:28:00,44.81,15294,United Kingdom
489724,85099C,JUMBO BAG BAROQUE BLACK WHITE,3,2024-02-24 18:26:00,5.5,14799,United Kingdom
489695,22632,HAND WARMER RED POLKA DOT,2,2024-02-25 18:21:00,6.87,17624,United Kingdom
489644,20727,LUNCH BAG BLACK SKULL,8,2024-02-26 15:53:00,0.75,15628,Spain
489523,21754,HOME BUILDING BLOCK WORD,19,2024-02-26 18:48:00,16.53,17966,Switzerland
489667,21755,LOVE BUILDING BLOCK WORD,9,2024-02-27 14:29:00,17.96,15020,Belgium
489586,22633,HAND WARMER UNION JACK,10,2024-02-28 09:22:00,28.9,15340,United Kingdom
489786,21777,RECIPE BOX WITH METAL HEART,10,2024-02-28 10:17:00,32.95,17180,United Kingdom
489850,22411,JUMBO SHOPPER VINTAGE RED PAISLEY,10,2024-02-28 19:48:00,28.81,14271,France
489454,84029E,RED WOOLLY HOTTIE WHITE HEART,10,2024-02-29 13:11:00,25.56,17706,Germany
489739,22745,POPPY'S PLAYHOUSE BEDROOM,1,2024-03-01 17:53:00,1.73,14546,United Kingdom
489444,20727,LUNCH BAG BLACK SKULL,2,2024-03-02 09:38:00,21.89,16696,United Kingdom
489574,22913,RED COAT RACK PARIS FASHION,4,2024-03-02 11:15:00,8.91,14711,United Kingdom
489609,22623,BOX OF VINTAGE JIGSAW BLOCKS,11,2024-03-02 19:54:00,48.0,16449,United Kingdom
489813,22748,POPPY'S PLAYHOUSE KITCHEN,4,2024-03-04 17:12:00,36.22,14939,United Kingdom
489642,22382,LUNCH BAG SPACEBOY DESIGN,8,2024-03-06 14:06:00,4.68,15422,Germany
489737,84029G,KNITTED UNION FLAG HOT WATER BOTTLE,10,2024-03-06 14:48:00,3.73,15761,United Kingdom
489780,20725,LUNCH BAG RED RETROSPOT,6,2024-03-07 09:07:00,20.04,16812,United Kingdom
489716,22720,SET OF 3 CAKE TINS PANTRY DESIGN,1,2024-03-09 10:59:00,35.89,14568,United Kingdom
489741,22720,SET OF 3 CAKE TINS PANTRY DESIGN,8,2024-03-12 09:23:00,48.95,16038,United Kingdom
489602,48187,DOORMAT NEW ENGLAND,10,2024-03-13 19:39:00,14.22,18018,United Kingdom
489478,22086,PAPER CHAIN KIT 50'S CHRISTMAS,3,2024-03-14 16:07:00,18.93,16179,Netherlands
489552,22720,SET OF 3 CAKE TINS PANTRY DESIGN,8,2024-03-15 19:44:00,24.84,14514,United Kingdom
489604,20725,LUNCH BAG RED RETROSPOT,9,2024-03-16 11:23:00,37.46,16043,United Kingdom
489490,22745,POPPY'S PLAYHOUSE BEDROOM,12,2024-03-16 18:59:00,45.98,14340,France
489572,21212,PACK OF 72 RETROSPOT CAKE CASES,5,2024-03-17 08:13:00,16.73,14866,Germany
489572,21755,LOVE BUILDING BLOCK WORD,66,2024-03-17 11:15:00,1.2,14169,United Kingdom
489842,85099C,JUMBO BAG BAROQUE BLACK WHITE,10,2024-03-17 16:45:00,20.11,17155,United Kingdom
489780,22633,HAND WARMER UNION JACK,8,2024-03-19 16:10:00,15.32,15424,France
489799,22913,RED COAT RACK PARIS FASHION,9,2024-03-20 10:40:00,44.8,17187,United Kingdom
489562,22752,SET 7 BABUSHKA NESTING BOXES,10,2024-03-20 19:31:00,46.32,14076,Spain
489731,22748,POPPY'S PLAYHOUSE KITCHEN,5,2024-03-22 14:59:00,39.56,18003,EIRE
489639,20727,LUNCH BAG BLACK SKULL,3,2024-03-23 17:16:00,35.95,17189,United Kingdom
489839,23298,SPOTTY BUNTING,92,2024-03-23 19:40:00,8.22,14278,United Kingdom
489790,22086,PAPER CHAIN KIT 50'S CHRISTMAS,4,2024-03-24 10:11:00,2.8,15575,United Kingdom
489567,22960,JAM MAKING SET WITH JARS,9,2024-03-24 11:22:00,14.34,15409,United Kingdom
489882,84029G,KNITTED UNION FLAG HOT WATER BOTTLE,6,2024-03-24 16:07:00,10.54,15463,United Kingdom
489551,21730,GLASS STAR FROSTED T-LIGHT HOLDER,8,2024-03-26 16:33:00,7.19,16926,United Kingdom
489641,22752,SET 7 BABUSHKA NESTING BOXES,3,2024-03-28 17:38:00,48.97,16547,United Kingdom
489842,23298,SPOTTY BUNTING,4,2024-03-29 14:13:00,16.98,14413,France
489787,22623,BOX OF VINTAGE JIGSAW BLOCKS,8,2024-03-29 14:37:00,16.25,17470,United Kingdom
489784,22632,HAND WARMER RED POLKA DOT,6,2024-03-30 18:42:00,11.43,17397,United Kingdom
489717,21212,PACK OF 72 RETROSPOT CAKE CASES,7,2024-04-01 10:54:00,10.25,14234,United Kingdom
489475,23204,JUMBO BAG BABUSHKA,7,2024-04-01 14:21:00,27.68,18124,Germany
489532,22960,JAM MAKING SET WITH JARS,10,2024-04-01 19:07:00,31.08,15491,United Kingdom
489529,22752,SET 7 BABUSHKA NESTING BOXES,98,2024-04-02 09:55:00,42.19,17412,United Kingdom
489509,21212,PACK OF 72 RETROSPOT CAKE CASES,10,2024-04-02 13:41:00,38.25,15030,United Kingdom
489810,48187,DOORMAT NEW ENGLAND,11,2024-04-02 15:46:00,37.78,17877,Spain
489702,22382,LUNCH BAG SPACEBOY DESIGN,7,2024-04-05 13:22:00,22.81,15474,United Kingdom
489511,21754,HOME BUILDING BLOCK WORD,67,2024-04-06 08:56:00,46.68,14591,Germany
489505,21777,RECIPE BOX WITH METAL HEART,10,2024-04-06 13:23:00,6.89,14656,United Kingdom
489466,85099C,JUMBO BAG BAROQUE BLACK WHITE,10,2024-04-07 08:17:00,40.32,14757,United Kingdom
489548,71053,WHITE METAL LANTERN,2,2024-04-08 12:44:00,47.95,17979,United Kingdom
489758,23203,JUMBO BAG VINTAGE DOILY,8,2024-04-08 15:16:00,45.03,17642,United Kingdom
489678,85099B,JUMBO BAG RED RETROSPOT,12,2024-04-08 17:17:00,2.24,18020,EIRE
489438,23084,RABBIT NIGHT LIGHT,5,2024-04-09 09:49:00,14.77,14857,United Kingdom
489847,84879,ASSORTED COLOUR BIRD ORNAMENT,7,2024-04-09 15:57:00,12.37,17584,United Kingdom
489880,84029G,KNITTED UNION FLAG HOT WATER BOTTLE,7,2024-04-09 19:06:00,10.14,14895,United Kingdom
489850,21754,HOME BUILDING BLOCK WORD,5,2024-04-16 09:28:00,47.53,16949,Belgium
489755,22960,JAM MAKING SET WITH JARS,9,2024-04-17 19:59:00,1.71,15040,United Kingdom
489798,22720,SET OF 3 CAKE TINS PANTRY DESIGN,8,2024-04-18 11:44:00,6.72,16149,Germany
489516,22310,IVORY KNITTED MUG COSY,5,2024-04-18 17:57:00,11.35,14509,United Kingdom
489870,22623,BOX OF VINTAGE JIGSAW BLOCKS,99,2024-04-20 17:06:00,45.68,18071,United Kingdom
489459,21754,HOME BUILDING BLOCK WORD,2,2024-04-20 19:52:00,19.02,15175,United Kingdom
489486,22633,HAND WARMER UNION JACK,6,2024-04-21 11:57:00,28.33,17342,United Kingdom
489569,21754,HOME BUILDING BLOCK WORD,5,2024-04-21 12:06:00,35.98,17656,United Kingdom
489861,84969,BOX OF 6 ASSORTED COLOUR TEASPOONS,11,2024-04-21 15:36:00,28.74,17152,United Kingdom
489774,23203,JUMBO BAG VINTAGE DOILY,4,2024-04-21 19:55:00,32.95,17929,United Kingdom
489751,85099B,JUMBO BAG RED RETROSPOT,2,2024-04-22 12:32:00,2.5,17854,France
489637,84969,BOX OF 6 ASSORTED COLOUR TEASPOONS,3,2024-04-23 19:54:00,45.74,14432,United Kingdom
489722,21755,LOVE BUILDING BLOCK WORD,8,2024-04-24 11:44:00,6.38,16981,EIRE
489605,21777,RECIPE BOX WITH METAL HEART,8,2024-04-25 14:38:00,49.78,17220,France
489506,21754,HOME BUILDING BLOCK WORD,9,2024-04-25 15:04:00,23.32,16027,Netherlands
489673,22623,BOX OF VINTAGE JIGSAW BLOCKS,7,2024-04-25 18:31:00,21.5,15950,Netherlands
489676,22086,PAPER CHAIN KIT 50'S CHRISTMAS,4,2024-04-26 09:24:00,43.11,15483,United Kingdom
489796,22960,JAM MAKING SET WITH JARS,12,2024-04-26 10:19:00,15.33,16048,France
489705,21034,REX CASH+CARRY JUMBO SHOPPER,18,2024-04-27 09:29:00,38.02,17585,Spain
489445,23204,JUMBO BAG BABUSHKA,1,2024-04-27 09:40:00,24.95,14443,United Kingdom
489785,85099C,JUMBO BAG BAROQUE BLACK WHITE,2,2024-04-27 13:11:00,14.15,15463,United Kingdom
489872,47566,PARTY BUNTING,1,2024-04-28 10:39:00,2.25,16814,Germany
489509,84029G,KNITTED UNION FLAG HOT WATER BOTTLE,9,2024-04-28 11:01:00,33.54,17804,United Kingdom
489827,84406B,CREAM CUPID HEARTS COAT HANGER,3,2024-04-28 11:52:00,17.84,17731,United Kingdom
489453,22960,JAM MAKING SET WITH JARS,5,2024-04-28 12:22:00,16.14,17800,Germany
489838,71053,WHITE METAL LANTERN,2,2024-04-30 14:05:00,3.63,15777,EIRE
489785,22310,IVORY KNITTED MUG COSY,2,2024-05-02 15:55:00,40.84,14437,United Kingdom
489556,21754,HOME BUILDING BLOCK WORD,12,2024-05-02 17:13:00,10.59,15300,United Kingdom
489539,23203,JUMBO BAG VINTAGE DOILY,5,2024-05-04 10:44:00,41.79,14752,France
489467,85099C,JUMBO BAG BAROQUE BLACK WHITE,3,2024-05-04 16:20:00,21.22,17165,Germany
489544,21754,HOME BUILDING BLOCK WORD,2,2024-05-05 14:30:00,12.3,16498,United Kingdom
489709,22745,POPPY'S PLAYHOUSE BEDROOM,3,2024-05-05 16:26:00,40.31,14349,United Kingdom
489616,22720,SET OF 3 CAKE TINS PANTRY DESIGN,5,2024-05-06 14:01:00,43.6,15663,France
489725,21755,LOVE BUILDING BLOCK WORD,61,2024-05-07 09:57:00,15.64,17053,Germany
489755,84406B,CREAM CUPID HEARTS COAT HANGER,6,2024-05-08 12:15:00,34.32,14661,Germany
489747,21777,RECIPE BOX WITH METAL HEART,1,2024-05-08 18:33:00,16.08,14470,United Kingdom
489539,22745,POPPY'S PLAYHOUSE BEDROOM,4,2024-05-09 19:48:00,45.71,15802,United Kingdom
489749,23298,SPOTTY BUNTING,8,2024-05-11 09:40:00,26.64,16504,United Kingdom
489623,22914,BLUE COAT RACK PARIS FASHION,7,2024-05-11 17:46:00,31.52,15444,United Kingdom
489469,85123A,WHITE HANGING HEART T-LIGHT HOLDER,8,2024-05-11 18:51:00,32.68,14124,United Kingdom
489754,22382,LUNCH BAG SPACEBOY DESIGN,12,2024-05-12 18:14:00,28.12,18261,Germany
489436,21777,RECIPE BOX WITH METAL HEART,9,2024-05-13 19:44:00,2.67,15572,United Kingdom
489468,85099B,JUMBO BAG RED RETROSPOT,1,2024-05-15 14:00:00,6.54,14410,France
489725,22310,IVORY KNITTED MUG COSY,5,2024-05-16 14:54:00,29.76,15886,United Kingdom
489814,21754,HOME BUILDING BLOCK WORD,5,2024-05-17 09:02:00,15.95,16215,United Kingdom
489664,22720,SET OF 3 CAKE TINS PANTRY DESIGN,12,2024-05-18 16:34:00,29.94,17019,France
489582,23298,SPOTTY BUNTING,5,2024-05-19 09:29:00,35.34,17807,Germany
489592,22622,BOX OF VINTAGE ALPHABET BLOCKS,7,2024-05-19 17:28:00,30.02,17827,France
489621,85099B,JUMBO BAG RED RETROSPOT,10,2024-05-20 10:41:00,17.89,17059,Spain
489522,22633,HAND WARMER UNION JACK,11,2024-05-20 14:08:00,37.84,18273,United Kingdom
489809,21212,PACK OF 72 RETROSPOT CAKE CASES,4,2024-05-21 12:08:00,17.67,15698,United Kingdom
489865,84879,ASSORTED COLOUR BIRD ORNAMENT,5,2024-05-22 12:11:00,8.19,16314,United Kingdom
489740,21755,LOVE BUILDING BLOCK WORD,10,2024-05-22 15:35:00,9.55,14222,EIRE
489579,22913,RED COAT RACK PARIS FASHION,4,2024-05-23 11:18:00,19.6,16688,United Kingdom
489508,84969,BOX OF 6 ASSORTED COLOUR TEASPOONS,6,2024-05-23 12:27:00,32.53,15886,United Kingdom
489435,23203,JUMBO BAG VINTAGE DOILY,2,2024-05-24 10:05:00,22.22,16257,Germany
489595,20727,LUNCH BAG BLACK SKULL,12,2024-05-24 10:57:00,29.52,14253,United Kingdom
489828,20725,LUNCH BAG RED RETROSPOT,6,2024-05-24 14:23:00,42.61,16549,Germany
489720,22382,LUNCH BAG SPACEBOY DESIGN,10,2024-05-24 15:36:00,47.37,16058,EIRE
489804,71053,WHITE METAL LANTERN,7,2024-05-24 17:05:00,10.47,16055,United Kingdom
489470,47566,PARTY BUNTING,11,2024-05-24 17:50:00,46.43,15914,United Kingdom
489438,85099C,JUMBO BAG BAROQUE BLACK WHITE,8,2024-05-26 09:18:00,22.14,17292,France
489790,21755,LOVE BUILDING BLOCK WORD,11,2024-05-27 17:24:00,38.81,14869,United Kingdom
489755,22960,JAM MAKING SET WITH JARS,4,2024-05-28 12:26:00,43.88,17639,United Kingdom
489879,23298,SPOTTY BUNTING,40,2024-05-28 18:17:00,3.05,16755,United Kingdom
489550,21755,LOVE BUILDING BLOCK WORD,7,2024-05-29 12:10:00,35.78,16005,United Kingdom
489577,22633,HAND WARMER UNION JACK,6,2024-05-29 15:04:00,44.97,16534,United Kingdom
489530,22913,RED COAT RACK PARIS FASHION,50,2024-05-29 17:28:00,45.0,15958,United Kingdom
489583,22633,HAND WARMER UNION JACK,26,2024-05-31 15:36:00,14.97,14920,United Kingdom
489535,22913,RED COAT RACK PARIS FASHION,3,2024-05-31 18:10:00,44.2,17221,United Kingdom
489462,22914,BLUE COAT RACK PARIS FASHION,2,2024-06-01 08:11:00,6.22,14748,United Kingdom
489471,22382,LUNCH BAG SPACEBOY DESIGN,2,2024-06-02 14:58:00,10.06,17213,United Kingdom
489784,22748,POPPY'S PLAYHOUSE KITCHEN,2,2024-06-02 19:34:00,9.4,15459,United Kingdom
489561,22632,HAND WARMER RED POLKA DOT,6,2024-06-03 12:01:00,2.78,15395,United Kingdom
489580,84029E,RED WOOLLY HOTTIE WHITE HEART,11,2024-06-03 13:59:00,39.79,16994,Portugal
489442,84029E,RED WOOLLY HOTTIE WHITE HEART,2,2024-06-07 09:54:00,36.26,16148,United Kingdom
489534,22748,POPPY'S PLAYHOUSE KITCHEN,6,2024-06-09 15:44:00,3.49,17352,United Kingdom
489495,85123A,WHITE HANGING HEART T-LIGHT HOLDER,10,2024-06-09 19:53:00,48.97,16696,United Kingdom
489466,21212,PACK OF 72 RETROSPOT CAKE CASES,10,2024-06-10 15:03:00,47.33,14407,United Kingdom
489531,22748,POPPY'S PLAYHOUSE KITCHEN,5,2024-06-12 08:34:00,19.88,17344,United Kingdom
489810,22914,BLUE COAT RACK PARIS FASHION,9,2024-06-12 17:44:00,15.26,14546,United Kingdom
489743,22632,HAND WARMER RED POLKA DOT,3,2024-06-13 18:13:00,36.32,14112,United Kingdom
489878,22748,POPPY'S PLAYHOUSE KITCHEN,49,2024-06-14 14:29:00,32.08,17171,Germany
489803,84969,BOX OF 6 ASSORTED COLOUR TEASPOONS,5,2024-06-15 10:23:00,35.77,14461,United Kingdom
489757,23298,SPOTTY BUNTING,12,2024-06-16 08:12:00,12.15,15730,Switzerland
489563,21730,GLASS STAR FROSTED T-LIGHT HOLDER,9,2024-06-16 10:50:00,37.12,16246,United Kingdom
489777,21777,RECIPE BOX WITH METAL HEART,10,2024-06-16 15:27:00,36.62,15870,United Kingdom
489541,23298,SPOTTY BUNTING,1,2024-06-16 17:46:00,10.8,14381,United Kingdom
489736,22960,JAM MAKING SET WITH JARS,97,2024-06-16 18:26:00,14.31,15214,France
489566,22752,SET 7 BABUSHKA NESTING BOXES,4,2024-06-17 14:19:00,17.08,17613,United Kingdom
489495,22622,BOX OF VINTAGE ALPHABET BLOCKS,8,2024-06-17 14:46:00,26.09,18072,United Kingdom
489790,84969,BOX OF 6 ASSORTED COLOUR TEASPOONS,8,2024-06-17 15:30:00,22.03,14109,United Kingdom
489475,22912,YELLOW COAT RACK PARIS FASHION,11,2024-06-19 14:16:00,46.09,17429,United Kingdom
489832,22748,POPPY'S PLAYHOUSE KITCHEN,3,2024-06-19 15:11:00,44.23,15545,United Kingdom
489519,22632,HAND WARMER RED POLKA DOT,4,2024-06-20 08:33:00,32.98,17198,France
489545,23204,JUMBO BAG BABUSHKA,10,2024-06-21 11:40:00,45.7,15084,United Kingdom
489772,20725,LUNCH BAG RED RETROSPOT,4,2024-06-22 10:32:00,33.11,17041,United Kingdom
489764,22720,SET OF 3 CAKE TINS PANTRY DESIGN,5,2024-06-22 17:59:00,2.8,15414,United Kingdom
489483,20727,LUNCH BAG BLACK SKULL,9,2024-06-23 12:48:00,38.8,15637,United Kingdom
489820,20725,LUNCH BAG RED RETROSPOT,10,2024-06-24 11:03:00,5.98,15371,Germany
489480,23204,JUMBO BAG BABUSHKA,10,2024-06-26 14:52:00,3.38,15451,France
489544,21755,LOVE BUILDING BLOCK WORD,12,2024-06-27 08:49:00,43.9,14691,United Kingdom
489732,84879,ASSORTED COLOUR BIRD ORNAMENT,3,2024-06-27 10:45:00,3.55,16998,United Kingdom
489841,84406B,CREAM CUPID HEARTS COAT HANGER,42,2024-06-27 12:55:00,4.46,17524,United Kingdom
489688,22622,BOX OF VINTAGE ALPHABET BLOCKS,9,2024-06-28 09:04:00,41.1,14194,Germany
489822,23298,SPOTTY BUNTING,8,2024-06-28 14:18:00,7.59,17929,United Kingdom
489681,20725,LUNCH BAG RED RETROSPOT,4,2024-06-28 17:12:00,37.61,16647,United Kingdom
489768,84969,BOX OF 6 ASSORTED COLOUR TEASPOONS,45,2024-06-28 17:40:00,12.22,14799,United Kingdom
489877,22197,POPCORN HOLDER,11,2024-06-28 18:22:00,25.71,15136,United Kingdom
489734,22745,POPPY'S PLAYHOUSE BEDROOM,9,2024-06-29 12:29:00,9.5,14655,United Kingdom
489536,84406B,CREAM CUPID HEARTS COAT HANGER,7,2024-06-30 09:48:00,24.32,14883,France
489538,84029E,RED WOOLLY HOTTIE WHITE HEART,11,2024-06-30 11:49:00,16.06,16599,Spain
489456,22752,SET 7 BABUSHKA NESTING BOXES,8,2024-06-30 13:00:00,5.74,18143,United Kingdom
489775,22197,POPCORN HOLDER,9,2024-07-01 12:08:00,43.47,14587,United Kingdom
489548,22622,BOX OF VINTAGE ALPHABET BLOCKS,5,2024-07-01 14:15:00,47.28,16250,Germany
489631,85099C,JUMBO BAG BAROQUE BLACK WHITE,7,2024-07-01 15:53:00,46.57,15962,United Kingdom
489507,22382,LUNCH BAG SPACEBOY DESIGN,9,2024-07-02 15:10:00,49.59,15297,Netherlands
489504,84969,BOX OF 6 ASSORTED COLOUR TEASPOONS,1,2024-07-02 15:47:00,39.83,17547,Spain
489852,47566,PARTY BUNTING,6,2024-07-02 17:49:00,22.94,18273,United Kingdom
489516,22622,BOX OF VINTAGE ALPHABET BLOCKS,4,2024-07-03 10:30:00,37.02,16310,United Kingdom
489794,23084,RABBIT NIGHT LIGHT,10,2024-07-03 12:56:00,9.0,14356,Spain
489607,21754,HOME BUILDING BLOCK WORD,9,2024-07-04 13:01:00,33.54,14436,United Kingdom
489755,47566,PARTY BUNTING,12,2024-07-05 10:02:00,8.44,16716,United Kingdom
489574,22633,HAND WARMER UNION JACK,4,2024-07-06 11:44:00,44.74,16154,United Kingdom
489744,22623,BOX OF VINTAGE JIGSAW BLOCKS,6,2024-07-06 12:09:00,22.24,17635,Germany
489628,22622,BOX OF VINTAGE ALPHABET BLOCKS,6,2024-07-07 10:22:00,22.19,16520,United Kingdom
489785,48187,DOORMAT NEW ENGLAND,7,2024-07-07 18:37:00,35.97,16838,United Kingdom
489555,84969,BOX OF 6 ASSORTED COLOUR TEASPOONS,4,2024-07-08 09:13:00,32.26,15071,United Kingdom
489658,84879,ASSORTED COLOUR BIRD ORNAMENT,7,2024-07-08 12:15:00,35.15,16379,United Kingdom
489649,84029E,RED WOOLLY HOTTIE WHITE HEART,10,2024-07-09 14:18:00,33.14,17987,United Kingdom
489482,21212,PACK OF 72 RETROSPOT CAKE CASES,12,2024-07-09 15:54:00,31.21,16208,Belgium
489694,84879,ASSORTED COLOUR BIRD ORNAMENT,5,2024-07-10 11:56:00,12.73,14901,United Kingdom
489651,85123A,WHITE HANGING HEART T-LIGHT HOLDER,6,2024-07-10 16:48:00,31.81,15160,United Kingdom
489807,21755,LOVE BUILDING BLOCK WORD,12,2024-07-10 19:35:00,43.2,15209,United Kingdom
489585,22623,BOX OF VINTAGE JIGSAW BLOCKS,2,2024-07-11 17:29:00,14.73,16639,United Kingdom
489458,22745,POPPY'S PLAYHOUSE BEDROOM,10,2024-07-12 15:55:00,12.02,17720,United Kingdom
489827,22914,BLUE COAT RACK PARIS FASHION,4,2024-07-13 16:08:00,48.59,15950,United Kingdom
489607,21730,GLASS STAR FROSTED T-LIGHT HOLDER,11,2024-07-14 15:53:00,22.83,17345,United Kingdom
489449,22748,POPPY'S PLAYHOUSE KITCHEN,12,2024-07-15 11:06:00,33.14,16635,United Kingdom
489573,22720,SET OF 3 CAKE TINS PANTRY DESIGN,51,2024-07-16 08:05:00,5.17,15185,United Kingdom
489466,23204,JUMBO BAG BABUSHKA,12,2024-07-16 11:27:00,45.86,16295,France
489478,84029G,KNITTED UNION FLAG HOT WATER BOTTLE,12,2024-07-16 16:08:00,38.72,17024,United Kingdom
489601,84969,BOX OF 6 ASSORTED COLOUR TEASPOONS,11,2024-07-17 17:48:00,40.88,16459,United Kingdom
489838,23084,RABBIT NIGHT LIGHT,7,2024-07-17 18:33:00,3.35,15373,United Kingdom
489744,23204,JUMBO BAG BABUSHKA,9,2024-07-18 13:54:00,1.46,16553,EIRE
489550,22752,SET 7 BABUSHKA NESTING BOXES,2,2024-07-19 08:37:00,41.45,15755,United Kingdom
489767,20727,LUNCH BAG BLACK SKULL,10,2024-07-19 12:09:00,13.33,15356,EIRE
489815,84879,ASSORTED COLOUR BIRD ORNAMENT,2,2024-07-19 16:19:00,41.0,16545,Germany
489813,23204,JUMBO BAG BABUSHKA,1,2024-07-22 15:05:00,9.85,14849,United Kingdom
489439,23204,JUMBO BAG BABUSHKA,4,2024-07-23 14:27:00,33.41,16168,United Kingdom
489878,21034,REX CASH+CARRY JUMBO SHOPPER,12,2024-07-24 11:53:00,38.28,16143,United Kingdom
489726,22912,YELLOW COAT RACK PARIS FASHION,10,2024-07-24 15:03:00,45.48,15832,United Kingdom
489738,71053,WHITE METAL LANTERN,7,2024-07-25 17:16:00,40.0,14013,United Kingdom
489471,22633,HAND WARMER UNION JACK,7,2024-07-26 11:38:00,49.01,17742,United Kingdom
489708,85099B,JUMBO BAG RED RETROSPOT,8,2024-07-26 12:33:00,24.06,16016,United Kingdom
489457,22720,SET OF 3 CAKE TINS PANTRY DESIGN,8,2024-07-26 18:01:00,40.32,16845,France
489793,84406B,CREAM CUPID HEARTS COAT HANGER,7,2024-07-26 19:24:00,46.69,17211,United Kingdom
489634,22411,JUMBO SHOPPER VINTAGE RED PAISLEY,7,2024-07-28 13:44:00,44.15,15378,United Kingdom
489543,85099B,JUMBO BAG RED RETROSPOT,5,2024-07-28 15:26:00,2.24,17357,United Kingdom
489679,85123A,WHITE HANGING HEART T-LIGHT HOLDER,6,2024-07-30 12:00:00,39.7,15657,Germany
489868,85099B,JUMBO BAG RED RETROSPOT,3,2024-07-31 09:10:00,9.27,16164,Spain
489526,22914,BLUE COAT RACK PARIS FASHION,2,2024-07-31 15:08:00,33.58,14171,United Kingdom
489538,23084,RABBIT NIGHT LIGHT,3,2024-08-01 08:50:00,5.88,17304,France
489709,21755,LOVE BUILDING BLOCK WORD,10,2024-08-03 13:16:00,34.44,15531,United Kingdom
489873,22411,JUMBO SHOPPER VINTAGE RED PAISLEY,2,2024-08-04 11:48:00,49.56,18008,United Kingdom
489513,22960,JAM MAKING SET WITH JARS,7,2024-08-04 15:00:00,25.29,18253,Italy
489597,21034,REX CASH+CARRY JUMBO SHOPPER,9,2024-08-05 15:56:00,32.26,16304,United Kingdom
489557,21212,PACK OF 72 RETROSPOT CAKE CASES,63,2024-08-05 19:16:00,49.26,14161,United Kingdom
489578,84029E,RED WOOLLY HOTTIE WHITE HEART,5,2024-08-06 19:53:00,32.95,17209,France
489722,22748,POPPY'S PLAYHOUSE KITCHEN,6,2024-08-07 13:58:00,47.69,17174,United Kingdom
489707,21212,PACK OF 72 RETROSPOT CAKE CASES,6,2024-08-07 18:37:00,14.35,17295,United Kingdom
489534,22382,LUNCH BAG SPACEBOY DESIGN,36,2024-08-08 09:16:00,5.98,14847,United Kingdom
489514,21754,HOME BUILDING BLOCK WORD,9,2024-08-08 10:29:00,16.42,14951,United Kingdom
489655,84879,ASSORTED COLOUR BIRD ORNAMENT,2,2024-08-08 15:17:00,9.83,18230,United Kingdom
489479,22411,JUMBO SHOPPER VINTAGE RED PAISLEY,12,2024-08-08 19:39:00,28.02,14607,United Kingdom
489780,23204,JUMBO BAG BABUSHKA,1,2024-08-11 11:07:00,10.48,17702,Netherlands
489671,22633,HAND WARMER UNION JACK,5,2024-08-11 11:54:00,26.47,16233,United Kingdom
489589,23203,JUMBO BAG VINTAGE DOILY,4,2024-08-11 18:12:00,18.57,16581,United Kingdom
489556,21730,GLASS STAR FROSTED T-LIGHT HOLDER,79,2024-08-12 10:43:00,42.56,15230,United Kingdom
489485,84029G,KNITTED UNION FLAG HOT WATER BOTTLE,6,2024-08-12 14:59:00,17.43,16736,United Kingdom
489884,21212,PACK OF 72 RETROSPOT CAKE CASES,9,2024-08-13 14:05:00,23.87,17056,United Kingdom
489856,84406B,CREAM CUPID HEARTS COAT HANGER,2,2024-08-14 09:31:00,1.14,17024,United Kingdom
489687,22411,JUMBO SHOPPER VINTAGE RED PAISLEY,40,2024-08-15 17:51:00,9.63,14068,France
489842,22382,LUNCH BAG SPACEBOY DESIGN,10,2024-08-15 19:27:00,44.02,17252,United Kingdom
489880,23204,JUMBO BAG BABUSHKA,7,2024-08-16 18:09:00,8.2,15349,United Kingdom
489546,84969,BOX OF 6 ASSORTED COLOUR TEASPOONS,10,2024-08-17 19:09:00,48.05,18220,United Kingdom
489656,71053,WHITE METAL LANTERN,7,2024-08-18 13:49:00,46.88,14745,United Kingdom
489736,20725,LUNCH BAG RED RETROSPOT,6,2024-08-18 14:47:00,25.84,14117,Italy
489811,22914,BLUE COAT RACK PARIS FASHION,4,2024-08-20 12:38:00,21.13,14133,United Kingdom
489705,22720,SET OF 3 CAKE TINS PANTRY DESIGN,8,2024-08-20 13:47:00,48.08,15523,Germany
489737,21730,GLASS STAR FROSTED T-LIGHT HOLDER,8,2024-08-21 13:15:00,26.89,17061,Norway
489645,23204,JUMBO BAG BABUSHKA,3,2024-08-25 15:01:00,44.38,17356,United Kingdom
489867,21755,LOVE BUILDING BLOCK WORD,5,2024-08-25 16:05:00,4.22,17594,United Kingdom
489814,22748,POPPY'S PLAYHOUSE KITCHEN,12,2024-08-25 19:00:00,28.31,15988,United Kingdom
489584,22748,POPPY'S PLAYHOUSE KITCHEN,65,2024-08-26 08:23:00,44.96,15649,United Kingdom
489706,85123A,WHITE HANGING HEART T-LIGHT HOLDER,3,2024-08-26 09:06:00,16.58,16411,United Kingdom
489843,22382,LUNCH BAG SPACEBOY DESIGN,5,2024-08-26 13:42:00,33.81,14532,United Kingdom
489734,22913,RED COAT RACK PARIS FASHION,12,2024-08-27 09:28:00,32.94,15978,Germany
489747,22623,BOX OF VINTAGE JIGSAW BLOCKS,10,2024-08-27 12:14:00,29.0,15327,United Kingdom
489725,22411,JUMBO SHOPPER VINTAGE RED PAISLEY,8,2024-08-27 18:46:00,26.17,16614,Germany
489504,47566,PARTY BUNTING,9,2024-08-27 19:40:00,23.7,15463,United Kingdom
489548,84969,BOX OF 6 ASSORTED COLOUR TEASPOONS,12,2024-08-28 19:01:00,30.51,15952,Germany
489791,84879,ASSORTED COLOUR BIRD ORNAMENT,10,2024-08-29 19:09:00,49.95,16744,United Kingdom
489586,22382,LUNCH BAG SPACEBOY DESIGN,6,2024-08-30 12:33:00,34.64,16434,United Kingdom
489841,22720,SET OF 3 CAKE TINS PANTRY DESIGN,5,2024-08-30 16:48:00,31.01,17436,France
489528,23084,RABBIT NIGHT LIGHT,1,2024-09-01 19:09:00,6.32,17096,EIRE
489798,84879,ASSORTED COLOUR BIRD ORNAMENT,2,2024-09-03 15:42:00,16.92,17589,United Kingdom
489493,84406B,CREAM CUPID HEARTS COAT HANGER,8,2024-09-04 11:37:00,11.95,16618,United Kingdom
489790,21034,REX CASH+CARRY JUMBO SHOPPER,45,2024-09-05 14:52:00,22.15,16005,United Kingdom
489792,21777,RECIPE BOX WITH METAL HEART,2,2024-09-06 10:24:00,17.82,16492,United Kingdom
489743,22310,IVORY KNITTED MUG COSY,2,2024-09-06 14:54:00,11.64,16153,United Kingdom
489709,21730,GLASS STAR FROSTED T-LIGHT HOLDER,8,2024-09-07 10:09:00,23.62,14478,United Kingdom
489653,71053,WHITE METAL LANTERN,7,2024-09-07 14:03:00,36.21,14305,United Kingdom
489480,48187,DOORMAT NEW ENGLAND,11,2024-09-07 18:38:00,4.66,16384,United Kingdom
489520,21730,GLASS STAR FROSTED T-LIGHT HOLDER,4,2024-09-08 08:21:00,28.42,14004,United Kingdom
489467,22960,JAM MAKING SET WITH JARS,55,2024-09-08 09:47:00,30.18,14502,United Kingdom
489873,21755,LOVE BUILDING BLOCK WORD,12,2024-09-08 14:36:00,10.62,14693,Germany
489507,84969,BOX OF 6 ASSORTED COLOUR TEASPOONS,12,2024-09-09 15:02:00,9.27,18236,EIRE
489595,22720,SET OF 3 CAKE TINS PANTRY DESIGN,9,2024-09-09 15:15:00,3.9,17247,France
489735,22752,SET 7 BABUSHKA NESTING BOXES,1,2024-09-09 16:04:00,9.74,17613,United Kingdom
489467,22752,SET 7 BABUSHKA NESTING BOXES,5,2024-09-09 19:25:00,49.34,14508,France
489525,84029E,RED WOOLLY HOTTIE WHITE HEART,71,2024-09-10 12:06:00,3.1,17961,United Kingdom
489827,47566,PARTY BUNTING,1,2024-09-11 11:00:00,25.31,14549,Switzerland
489765,21755,LOVE BUILDING BLOCK WORD,11,2024-09-12 12:25:00,28.56,16531,United Kingdom
489557,84969,BOX OF 6 ASSORTED COLOUR TEASPOONS,7,2024-09-12 19:26:00,6.8,14241,Germany
489525,84879,ASSORTED COLOUR BIRD ORNAMENT,12,2024-09-13 10:55:00,48.2,16548,France
489883,22622,BOX OF VINTAGE ALPHABET BLOCKS,11,2024-09-15 10:34:00,25.59,17205,EIRE
489614,22382,LUNCH BAG SPACEBOY DESIGN,7,2024-09-15 11:09:00,17.4,14370,United Kingdom
489440,21212,PACK OF 72 RETROSPOT CAKE CASES,11,2024-09-16 11:55:00,12.08,15258,United Kingdom
489440,84879,ASSORTED COLOUR BIRD ORNAMENT,2,2024-09-16 14:04:00,33.59,17280,United Kingdom
489485,22913,RED COAT RACK PARIS FASHION,24,2024-09-16 16:44:00,28.96,16552,United Kingdom
489727,22960,JAM MAKING SET WITH JARS,1,2024-09-16 17:42:00,1.51,14738,United Kingdom
489715,22310,IVORY KNITTED MUG COSY,3,2024-09-17 11:06:00,5.01,15824,Netherlands
489807,23204,JUMBO BAG BABUSHKA,2,2024-09-17 11:30:00,39.36,16609,United Kingdom
489851,85099C,JUMBO BAG BAROQUE BLACK WHITE,2,2024-09-17 12:45:00,42.78,18162,United Kingdom
489509,22633,HAND WARMER UNION JACK,12,2024-09-17 14:42:00,42.77,16100,United Kingdom
489794,23298,SPOTTY BUNTING,8,2024-09-18 09:49:00,41.36,15235,United Kingdom
489786,21212,PACK OF 72 RETROSPOT CAKE CASES,6,2024-09-18 14:14:00,11.78,14343,Germany
489569,22197,POPCORN HOLDER,9,2024-09-19 09:26:00,13.31,14552,France
489606,22913,RED COAT RACK PARIS FASHION,10,2024-09-19 19:07:00,31.19,14591,United Kingdom
489626,23084,RABBIT NIGHT LIGHT,10,2024-09-20 13:32:00,36.95,15984,France
489581,71053,WHITE METAL LANTERN,2,2024-09-20 17:38:00,28.03,16094,United Kingdom
489794,20725,LUNCH BAG RED RETROSPOT,12,2024-09-21 10:33:00,32.35,17511,United Kingdom
489846,22914,BLUE COAT RACK PARIS FASHION,10,2024-09-26 10:17:00,40.0,16285,United Kingdom
489834,85099C,JUMBO BAG BAROQUE BLACK WHITE,7,2024-09-26 16:21:00,41.7,16702,United Kingdom
489751,21754,HOME BUILDING BLOCK WORD,12,2024-09-26 17:42:00,23.23,15035,France
489770,71053,WHITE METAL LANTERN,5,2024-09-26 19:06:00,22.44,17945,United Kingdom
489633,22748,POPPY'S PLAYHOUSE KITCHEN,9,2024-09-29 09:07:00,49.97,16890,United Kingdom
489624,22633,HAND WARMER UNION JACK,3,2024-09-29 10:41:00,8.7,15794,United Kingdom
489597,84029E,RED WOOLLY HOTTIE WHITE HEART,12,2024-09-29 14:40:00,14.02,15419,United Kingdom
489615,22622,BOX OF VINTAGE ALPHABET BLOCKS,56,2024-09-30 10:09:00,43.85,17435,United Kingdom
489810,20727,LUNCH BAG BLACK SKULL,8,2024-09-30 12:41:00,41.56,14181,France
489842,21730,GLASS STAR FROSTED T-LIGHT HOLDER,53,2024-10-01 10:42:00,44.52,14429,Germany
489852,84029E,RED WOOLLY HOTTIE WHITE HEART,44,2024-10-01 13:54:00,1.52,14742,United Kingdom
489702,84029G,KNITTED UNION FLAG HOT WATER BOTTLE,11,2024-10-01 17:18:00,35.99,16486,United Kingdom
489805,22745,POPPY'S PLAYHOUSE BEDROOM,8,2024-10-01 19:36:00,40.3,15510,United Kingdom
489785,48187,DOORMAT NEW ENGLAND,8,2024-10-02 16:58:00,8.11,16708,United Kingdom
489674,22720,SET OF 3 CAKE TINS PANTRY DESIGN,12,2024-10-03 09:23:00,22.24,16995,Belgium
489765,48187,DOORMAT NEW ENGLAND,12,2024-10-03 12:15:00,22.5,14574,United Kingdom
489501,85099C,JUMBO BAG BAROQUE BLACK WHITE,5,2024-10-03 16:08:00,22.77,17650,France
489846,22752,SET 7 BABUSHKA NESTING BOXES,4,2024-10-05 14:38:00,39.99,14585,United Kingdom
489498,84029G,KNITTED UNION FLAG HOT WATER BOTTLE,12,2024-10-07 09:14:00,32.8,15082,United Kingdom
489730,21212,PACK OF 72 RETROSPOT CAKE CASES,5,2024-10-07 19:12:00,27.06,17030,Norway
489566,22197,POPCORN HOLDER,5,2024-10-08 16:29:00,32.71,15212,United Kingdom
489620,21212,PACK OF 72 RETROSPOT CAKE CASES,3,2024-10-09 09:02:00,8.51,14940,United Kingdom
489603,22960,JAM MAKING SET WITH JARS,5,2024-10-09 12:02:00,12.87,18159,United Kingdom
489588,20727,LUNCH BAG BLACK SKULL,11,2024-10-10 08:32:00,4.9,17660,United Kingdom
489839,23203,JUMBO BAG VINTAGE DOILY,9,2024-10-10 19:48:00,3.69,17321,United Kingdom
489520,23298,SPOTTY BUNTING,11,2024-10-11 09:28:00,32.49,17559,Spain
489709,22960,JAM MAKING SET WITH JARS,70,2024-10-11 14:22:00,30.6,17140,Germany
489673,85099B,JUMBO BAG RED RETROSPOT,1,2024-10-13 14:02:00,7.19,17721,United Kingdom
489750,22914,BLUE COAT RACK PARIS FASHION,26,2024-10-15 10:05:00,33.1,17883,United Kingdom
489721,47566,PARTY BUNTING,11,2024-10-15 13:30:00,19.25,17231,United Kingdom
489699,22197,POPCORN HOLDER,12,2024-10-17 17:22:00,37.84,17131,France
489662,22748,POPPY'S PLAYHOUSE KITCHEN,8,2024-10-17 19:33:00,18.08,17058,United Kingdom
489583,20725,LUNCH BAG RED RETROSPOT,1,2024-10-18 08:57:00,36.56,17128,Netherlands
489802,84969,BOX OF 6 ASSORTED COLOUR TEASPOONS,12,2024-10-18 13:52:00,4.11,15050,Belgium
489688,85099B,JUMBO BAG RED RETROSPOT,47,2024-10-18 17:59:00,36.26,15674,United Kingdom
489837,22382,LUNCH BAG SPACEBOY DESIGN,8,2024-10-19 16:51:00,14.91,16536,France
489549,22914,BLUE COAT RACK PARIS FASHION,27,2024-10-21 16:55:00,7.48,17541,United Kingdom
489571,20725,LUNCH BAG RED RETROSPOT,9,2024-10-23 19:13:00,6.97,16600,Germany
489867,22310,IVORY KNITTED MUG COSY,6,2024-10-24 19:29:00,22.89,18129,United Kingdom
489538,21212,PACK OF 72 RETROSPOT CAKE CASES,10,2024-10-25 14:47:00,30.87,15538,United Kingdom
489469,22752,SET 7 BABUSHKA NESTING BOXES,1,2024-10-26 11:39:00,38.95,17899,United Kingdom
489714,22913,RED COAT RACK PARIS FASHION,2,2024-10-26 15:31:00,41.52,17391,United Kingdom
489509,22752,SET 7 BABUSHKA NESTING BOXES,11,2024-10-26 16:12:00,14.53,18118,Germany
489532,84406B,CREAM CUPID HEARTS COAT HANGER,5,2024-10-28 11:32:00,10.16,16830,United Kingdom
489613,23203,JUMBO BAG VINTAGE DOILY,3,2024-10-28 12:33:00,42.11,15054,United Kingdom
489509,21730,GLASS STAR FROSTED T-LIGHT HOLDER,10,2024-10-28 16:10:00,43.1,14554,United Kingdom
489822,23084,RABBIT NIGHT LIGHT,4,2024-10-30 19:18:00,43.09,15313,United Kingdom
489806,71053,WHITE METAL LANTERN,2,2024-10-31 09:29:00,16.73,16032,France
489724,22382,LUNCH BAG SPACEBOY DESIGN,11,2024-11-04 11:32:00,15.83,14095,United Kingdom
489659,21730,GLASS STAR FROSTED T-LIGHT HOLDER,4,2024-11-04 17:55:00,46.62,17179,Spain
489509,84969,BOX OF 6 ASSORTED COLOUR TEASPOONS,96,2024-11-05 11:50:00,12.59,18013,Germany
489828,21034,REX CASH+CARRY JUMBO SHOPPER,1,2024-11-06 15:26:00,35.69,16689,United Kingdom
489613,47566,PARTY BUNTING,11,2024-11-07 10:23:00,37.36,15754,United Kingdom
489732,21034,REX CASH+CARRY JUMBO SHOPPER,11,2024-11-10 09:05:00,14.35,17793,United Kingdom
489488,20725,LUNCH BAG RED RETROSPOT,3,2024-11-10 13:02:00,11.8,16121,Germany
489519,22623,BOX OF VINTAGE JIGSAW BLOCKS,9,2024-11-10 15:22:00,1.82,16084,United Kingdom
489816,48187,DOORMAT NEW ENGLAND,12,2024-11-11 09:38:00,39.38,17960,France
489723,21755,LOVE BUILDING BLOCK WORD,8,2024-11-11 13:10:00,28.91,15584,United Kingdom
489821,23203,JUMBO BAG VINTAGE DOILY,1,2024-11-12 12:01:00,0.52,17789,EIRE
489639,22633,HAND WARMER UNION JACK,69,2024-11-13 14:24:00,6.85,17514,United Kingdom
489691,22752,SET 7 BABUSHKA NESTING BOXES,6,2024-11-13 17:00:00,25.31,16146,United Kingdom
489563,23204,JUMBO BAG BABUSHKA,1,2024-11-15 15:28:00,42.56,15789,United Kingdom
489745,85099B,JUMBO BAG RED RETROSPOT,4,2024-11-16 08:17:00,38.87,14009,United Kingdom
489778,22960,JAM MAKING SET WITH JARS,5,2024-11-17 15:25:00,34.21,14123,United Kingdom
489543,22745,POPPY'S PLAYHOUSE BEDROOM,1,2024-11-19 14:24:00,13.11,17987,France
489709,71053,WHITE METAL LANTERN,3,2024-11-23 14:19:00,33.96,15192,United Kingdom
489740,22912,YELLOW COAT RACK PARIS FASHION,5,2024-11-24 19:45:00,12.1,15947,United Kingdom
489484,84029E,RED WOOLLY HOTTIE WHITE HEART,8,2024-11-25 14:15:00,42.98,16904,United Kingdom
489858,84029G,KNITTED UNION FLAG HOT WATER BOTTLE,3,2024-11-25 14:24:00,19.44,14316,United Kingdom
489483,21755,LOVE BUILDING BLOCK WORD,10,2024-11-26 08:22:00,2.33,14468,United Kingdom
489709,21212,PACK OF 72 RETROSPOT CAKE CASES,2,2024-11-26 09:01:00,20.91,17499,Germany
489466,22914,BLUE COAT RACK PARIS FASHION,9,2024-11-26 15:38:00,43.11,14407,Germany
489518,22633,HAND WARMER UNION JACK,6,2024-11-26 19:57:00,19.95,17742,United Kingdom
489826,22411,JUMBO SHOPPER VINTAGE RED PAISLEY,2,2024-11-27 18:48:00,15.66,17129,France
489524,84969,BOX OF 6 ASSORTED COLOUR TEASPOONS,56,2024-11-29 12:48:00,24.94,15704,United Kingdom
489629,22913,RED COAT RACK PARIS FASHION,10,2024-11-29 13:11:00,47.01,17206,United Kingdom
489466,84029G,KNITTED UNION FLAG HOT WATER BOTTLE,12,2024-11-30 10:48:00,46.83,15744,Germany
489460,22745,POPPY'S PLAYHOUSE BEDROOM,3,2024-12-01 09:52:00,37.43,14285,United Kingdom
489706,84879,ASSORTED COLOUR BIRD ORNAMENT,29,2024-12-01 14:07:00,26.48,17972,United Kingdom
489845,22748,POPPY'S PLAYHOUSE KITCHEN,2,2024-12-02 08:12:00,42.12,17572,United Kingdom
489746,22912,YELLOW COAT RACK PARIS FASHION,2,2024-12-02 11:48:00,12.22,17867,France
489551,23084,RABBIT NIGHT LIGHT,10,2024-12-02 13:32:00,27.52,16140,United Kingdom
489726,22310,IVORY KNITTED MUG COSY,4,2024-12-03 11:31:00,29.68,16073,Netherlands
489648,22382,LUNCH BAG SPACEBOY DESIGN,7,2024-12-04 08:48:00,22.7,16311,France
489470,21730,GLASS STAR FROSTED T-LIGHT HOLDER,1,2024-12-04 10:17:00,30.49,17642,United Kingdom
489482,85123A,WHITE HANGING HEART T-LIGHT HOLDER,2,2024-12-04 13:52:00,2.53,18225,United Kingdom
489640,22633,HAND WARMER UNION JACK,1,2024-12-04 14:55:00,12.44,14687,United Kingdom
489602,22411,JUMBO SHOPPER VINTAGE RED PAISLEY,12,2024-12-06 19:55:00,20.41,17789,United Kingdom
489840,22633,HAND WARMER UNION JACK,16,2024-12-07 10:02:00,47.72,17249,Germany
489848,84029G,KNITTED UNION FLAG HOT WATER BOTTLE,2,2024-12-08 16:13:00,25.13,15031,Germany
489563,22197,POPCORN HOLDER,9,2024-12-09 10:54:00,1.1,14997,United Kingdom
489684,22197,POPCORN HOLDER,33,2024-12-10 13:55:00,35.51,17824,United Kingdom
489645,23203,JUMBO BAG VINTAGE DOILY,3,2024-12-13 10:27:00,22.65,15349,EIRE
489734,21754,HOME BUILDING BLOCK WORD,4,2024-12-13 10:36:00,42.8,17431,United Kingdom
489514,22960,JAM MAKING SET WITH JARS,2,2024-12-13 11:19:00,5.21,15273,United Kingdom
489864,84029E,RED WOOLLY HOTTIE WHITE HEART,5,2024-12-15 13:57:00,39.52,18244,United Kingdom
489567,84029G,KNITTED UNION FLAG HOT WATER BOTTLE,10,2024-12-16 15:14:00,47.15,17275,United Kingdom
489625,20725,LUNCH BAG RED RETROSPOT,98,2024-12-16 19:44:00,3.18,14243,United Kingdom
489828,71053,WHITE METAL LANTERN,5,2024-12-17 14:24:00,28.94,14288,EIRE
489824,21777,RECIPE BOX WITH METAL HEART,3,2024-12-17 15:10:00,16.69,16070,United Kingdom
489567,23204,JUMBO BAG BABUSHKA,99,2024-12-17 16:02:00,31.8,15571,United Kingdom
489499,23203,JUMBO BAG VINTAGE DOILY,21,2024-12-19 15:58:00,43.9,15521,United Kingdom
489806,22914,BLUE COAT RACK PARIS FASHION,10,2024-12-19 17:55:00,43.06,16475,Germany
489786,22086,PAPER CHAIN KIT 50'S CHRISTMAS,8,2024-12-19 19:31:00,3.14,16377,United Kingdom
489539,84969,BOX OF 6 ASSORTED COLOUR TEASPOONS,12,2024-12-20 13:41:00,13.6,15085,Germany
489703,22748,POPPY'S PLAYHOUSE KITCHEN,2,2024-12-22 13:19:00,46.43,15731,United Kingdom
489528,22086,PAPER CHAIN KIT 50'S CHRISTMAS,7,2024-12-23 08:10:00,20.16,18154,United Kingdom
489617,84406B,CREAM CUPID HEARTS COAT HANGER,7,2024-12-23 09:18:00,35.48,17620,United Kingdom
489556,22745,POPPY'S PLAYHOUSE BEDROOM,12,2024-12-23 09:31:00,29.33,15461,France
489851,21730,GLASS STAR FROSTED T-LIGHT HOLDER,8,2024-12-24 09:26:00,6.46,17530,Germany
489491,20725,LUNCH BAG RED RETROSPOT,2,2024-12-24 11:00:00,9.06,17962,Australia
489591,22623,BOX OF VINTAGE JIGSAW BLOCKS,3,2024-12-24 19:15:00,1.04,15699,United Kingdom
489833,22748,POPPY'S PLAYHOUSE KITCHEN,7,2024-12-25 16:56:00,6.94,15102,EIRE
489602,22623,BOX OF VINTAGE JIGSAW BLOCKS,2,2024-12-27 10:21:00,11.72,14699,United Kingdom
489878,21777,RECIPE BOX WITH METAL HEART,2,2024-12-27 18:05:00,35.83,17776,United Kingdom
489726,23204,JUMBO BAG BABUSHKA,6,2024-12-28 15:09:00,44.41,14175,United Kingdom
489736,71053,WHITE METAL LANTERN,91,2024-12-29 10:34:00,8.24,18263,United Kingdom
489510,23203,JUMBO BAG VINTAGE DOILY,6,2024-12-29 11:11:00,6.23,18056,United Kingdom
